{
"lengthUnit": "mil",
"components": {
	"fields": ["COMPONENT_NO", "COMPONENT_NAME", "LAYER", "X_COORDINATE", "Y_COORDINATE", "ANGLE"],
	"rows": [
		[1, "C1", "T", 1550, -2170, 90],
		[2, "C2", "T", 1565, -3280, 180],
		[3, "C3", "T", 1560, -2725, 180],
		[4, "C4", "T", 1560, -2805, 0],
		[5, "C5", "T", 5710, -1560, 270],
		[6, "C6", "T", 5740, -675, 270],
		[7, "CN3", "T", 285, -1160, 90],
		[8, "CN4", "T", 285, -1680, 90],
		[9, "CN5", "T", 1935, -2120, 0],
		[10, "CN6", "T", 2260, -2120, 0],
		[11, "CN7", "T", 500, -2130, 270],
		[12, "CN8", "T", 505, -2535, 270],
		[13, "CN9", "T", 500, -2905, 270],
		[14, "CN10", "T", 2570, -2120, 0],
		[15, "CN13", "T", 2965, -2700, 0],
		[16, "CN14", "T", 4600, -2455, 0],
		[17, "CN15", "T", 4565, -2700, 0],
		[18, "CN16", "T", 4339, -2455, 0],
		[19, "CN17", "T", 4298.33, -2700, 0],
		[20, "CN18", "T", 4078, -2455, 0],
		[21, "CN19", "T", 4031.67, -2700, 0],
		[22, "CN20", "T", 3817, -2455, 0],
		[23, "CN21", "T", 3765, -2700, 0],
		[24, "CN22", "T", 3556, -2455, 0],
		[25, "CN23", "T", 3498.33, -2700, 0],
		[26, "CN24", "T", 3295, -2455, 0],
		[27, "CN25", "T", 3231.67, -2700, 0],
		[28, "CN26", "T", 3100, -3235, 0],
		[29, "CN27", "T", 4940, -3050, 0],
		[30, "CN28", "T", 5465, -3055, 0],
		[31, "CN31", "T", 6135, -1280, 90],
		[32, "CN32", "T", 6135, -1610, 90],
		[33, "CN33", "T", 6135, -555, 90],
		[34, "CN34", "T", 6140, -895, 90],
		[35, "CN35", "T", 1060, -530, 270],
		[36, "CN36", "T", 6130, -2470, 90],
		[37, "CN37", "T", 3980, -3060, 0],
		[38, "D9", "T", 5410, -1175, 270],
		[39, "D10", "T", 5530, -1175, 270],
		[40, "D11", "T", 5650, -1175, 270],
		[41, "D12", "T", 5765, -1175, 270],
		[42, "D13", "T", 5422.17, -2145, 270],
		[43, "D14", "T", 5540, -2145, 270],
		[44, "D15", "T", 5660, -2145, 270],
		[45, "D16", "T", 5775, -2145, 270],
		[46, "D17", "T", 5615, -210, 270],
		[47, "D18", "T", 5730, -210, 270],
		[48, "D19", "T", 5845, -210, 270],
		[49, "D20", "T", 5965, -210, 270],
		[50, "D21", "T", 5405, -1020, 270],
		[51, "D22", "T", 5525, -1020, 270],
		[52, "D23", "T", 5650, -1015, 270],
		[53, "D24", "T", 5770, -1015, 270],
		[54, "H1", "T", 2815, -1150, 90],
		[55, "H2", "T", 2975, -1150, 270],
		[56, "H3", "T", 4950, -1450, 270],
		[57, "H4", "T", 4795, -1450, 90],
		[58, "R1", "T", 1800, -2655, 0],
		[59, "R2", "T", 1565, -3100, 180],
		[60, "R3", "T", 1565, -3195, 0],
		[61, "R4", "T", 2990, -2515, 90],
		[62, "R5", "T", 3175, -3050, 90],
		[63, "U1", "T", 2015, -1010, 270],
		[64, "U6", "T", 1930, -2555, 0],
		[65, "U7", "T", 1175, -2165, 0],
		[66, "U8", "T", 1204.13, -2930, 90],
		[67, "U9", "T", 1560, -2940, 0],
		[68, "U10", "T", 2505, -1010, 270],
		[69, "U11", "T", 1530, -1010, 90],
		[70, "U12", "T", 1575, -2515, 0],
		[71, "U13", "T", 3910, -1200, 0],
		[72, "U14", "T", 5250, -1660, 270],
		[73, "U15", "T", 5225, -545, 270],
		[74, "U16", "T", 645, -1160, 270],
		[75, "U17", "T", 850, -1565, 90],
		[76, "PAD1", "T", 2695, -2280, 0],
		[77, "PAD1", "B", 2695, -2280, 0],
		[78, "PAD2", "T", 2545.41, -1995, 0],
		[79, "PAD2", "B", 2545.41, -1995, 0],
		[80, "PAD3", "T", 2235.41, -1995.41, 0],
		[81, "PAD3", "B", 2235.41, -1995.41, 0],
		[82, "PAD4", "T", 1910.41, -2000, 0],
		[83, "PAD4", "B", 1910.41, -2000, 0],
		[84, "PAD5", "T", 1785, -2180, 0],
		[85, "PAD5", "B", 1785, -2180, 0],
		[86, "PAD6", "T", 3150, -2415, 0],
		[87, "PAD6", "B", 3150, -2415, 0],
		[88, "PAD7", "T", 4470, -2380, 0],
		[89, "PAD7", "B", 4470, -2380, 0],
		[90, "PAD8", "T", 4540, -2745, 0],
		[91, "PAD8", "B", 4540, -2745, 0],
		[92, "PAD9", "T", 2965, -2747.24, 0],
		[93, "PAD9", "B", 2965, -2747.24, 0],
		[94, "PAD10", "T", 3320, -3305, 0],
		[95, "PAD10", "B", 3320, -3305, 0]
	]
},
"pins": {
	"fields": ["PIN_NO", "PIN_NAME", "PIN_X", "PIN_Y", "LAYER", "PIN_TYPE", "NET_NAME", "NET_TYPE", "PAD_SHAPE", "PAD_SIZEX", "PAD_SIZEY", "HOLE_SIZE", "PAD_ANGLE"],
	"rows": [
		[1, "C1_1", 1550, -2236.39, "T", "SMD", "+3.3V", "", "R", 59.05, 51.02, 0, 270],
		[2, "C1_2", 1550, -2103.61, "T", "SMD", "GND", "GND", "R", 59.05, 51.02, 0, 270],
		[3, "C2_1", 1592.56, -3280, "T", "SMD", "$1N3581", "", "R", 31.5, 35.43, 0, 180],
		[4, "C2_2", 1537.44, -3280, "T", "SMD", "$1N3694", "", "R", 31.5, 35.43, 0, 180],
		[5, "C3_1", 1587.56, -2725, "T", "SMD", "$1N3703", "", "R", 31.5, 35.43, 0, 180],
		[6, "C3_2", 1532.44, -2725, "T", "SMD", "$1N3698", "", "R", 31.5, 35.43, 0, 180],
		[7, "C4_1", 1532.44, -2805, "T", "SMD", "GND", "GND", "R", 31.5, 35.43, 0, 0],
		[8, "C4_2", 1587.56, -2805, "T", "SMD", "VCC", "", "R", 31.5, 35.43, 0, 0],
		[9, "C5_1", 5710, -1491.1, "T", "DIP", "VCC", "", "C", 62.99, 62.99, 39.37, 0],
		[10, "C5_1", 5710, -1491.1, "B", "DIP", "VCC", "", "C", 62.99, 62.99, 39.37, 0],
		[11, "C5_2", 5710, -1628.9, "T", "DIP", "$2N5825", "", "C", 62.99, 62.99, 39.37, 0],
		[12, "C5_2", 5710, -1628.9, "B", "DIP", "$2N5825", "", "C", 62.99, 62.99, 39.37, 0],
		[13, "C6_1", 5740, -606.1, "T", "DIP", "VCC", "", "C", 62.99, 62.99, 39.37, 0],
		[14, "C6_1", 5740, -606.1, "B", "DIP", "VCC", "", "C", 62.99, 62.99, 39.37, 0],
		[15, "C6_2", 5740, -743.9, "T", "DIP", "$2N6593", "", "C", 62.99, 62.99, 39.37, 0],
		[16, "C6_2", 5740, -743.9, "B", "DIP", "$2N6593", "", "C", 62.99, 62.99, 39.37, 0],
		[17, "CN3_1", 219.06, -1086.2, "T", "SMD", "$1N1909", "", "R", 23.62, 66.93, 0, 90],
		[18, "CN3_2", 219.06, -1135.4, "T", "SMD", "GND", "GND", "R", 23.62, 66.93, 0, 90],
		[19, "CN3_3", 219.06, -1184.6, "T", "SMD", "$1N1395", "", "R", 23.62, 66.93, 0, 90],
		[20, "CN3_4", 219.06, -1233.8, "T", "SMD", "$1N1400", "", "R", 23.62, 66.93, 0, 90],
		[21, "CN3_5", 350.94, -1013.35, "T", "SMD", "GND", "GND", "R", 39.37, 110.24, 0, 90],
		[22, "CN3_6", 350.94, -1306.65, "T", "SMD", "GND", "GND", "R", 39.37, 110.24, 0, 90],
		[23, "CN4_1", 219.06, -1606.2, "T", "SMD", "$1N7236", "", "R", 23.62, 66.93, 0, 90],
		[24, "CN4_2", 219.06, -1655.4, "T", "SMD", "GND", "GND", "R", 23.62, 66.93, 0, 90],
		[25, "CN4_3", 219.06, -1704.6, "T", "SMD", "$1N1492", "", "R", 23.62, 66.93, 0, 90],
		[26, "CN4_4", 219.06, -1753.8, "T", "SMD", "$1N1386", "", "R", 23.62, 66.93, 0, 90],
		[27, "CN4_5", 350.94, -1533.35, "T", "SMD", "GND", "GND", "R", 39.37, 110.24, 0, 90],
		[28, "CN4_6", 350.94, -1826.65, "T", "SMD", "GND", "GND", "R", 39.37, 110.24, 0, 90],
		[29, "CN5_1", 1959.61, -2054.05, "T", "SMD", "RST_MEGA", "", "R", 23.62, 66.93, 0, 0],
		[30, "CN5_2", 1910.41, -2054.05, "T", "SMD", "GND", "GND", "R", 23.62, 66.93, 0, 0],
		[31, "CN5_3", 2032.44, -2185.95, "T", "SMD", "GND", "GND", "R", 39.37, 110.24, 0, 0],
		[32, "CN5_4", 1837.56, -2185.94, "T", "SMD", "GND", "GND", "R", 39.37, 110.24, 0, 0],
		[33, "CN6_1", 2284.61, -2054.05, "T", "SMD", "RST_MEGA", "", "R", 23.62, 66.93, 0, 0],
		[34, "CN6_2", 2235.41, -2054.05, "T", "SMD", "GND", "GND", "R", 23.62, 66.93, 0, 0],
		[35, "CN6_3", 2357.44, -2185.95, "T", "SMD", "GND", "GND", "R", 39.37, 110.24, 0, 0],
		[36, "CN6_4", 2162.56, -2185.94, "T", "SMD", "GND", "GND", "R", 39.37, 110.24, 0, 0],
		[37, "CN7_1", 600, -2030, "T", "DIP", "VCC", "", "C", 82.68, 82.68, 55.12, 90],
		[38, "CN7_1", 600, -2030, "B", "DIP", "VCC", "", "C", 82.68, 82.68, 55.12, 90],
		[39, "CN7_1", 400, -2030, "T", "DIP", "VCC", "", "R", 82.68, 82.68, 55.12, 90],
		[40, "CN7_1", 400, -2030, "B", "DIP", "VCC", "", "R", 82.68, 82.68, 55.12, 90],
		[41, "CN7_2", 600, -2130, "T", "DIP", "GND", "GND", "C", 82.68, 82.68, 55.12, 90],
		[42, "CN7_2", 600, -2130, "B", "DIP", "GND", "GND", "C", 82.68, 82.68, 55.12, 90],
		[43, "CN7_2", 400, -2130, "T", "DIP", "GND", "GND", "C", 82.68, 82.68, 55.12, 90],
		[44, "CN7_2", 400, -2130, "B", "DIP", "GND", "GND", "C", 82.68, 82.68, 55.12, 90],
		[45, "CN7_3", 400, -2230, "T", "DIP", "$1N1477", "", "C", 82.68, 82.68, 55.12, 90],
		[46, "CN7_3", 400, -2230, "B", "DIP", "$1N1477", "", "C", 82.68, 82.68, 55.12, 90],
		[47, "CN7_3", 600, -2230, "T", "DIP", "$1N1477", "", "C", 82.68, 82.68, 55.12, 90],
		[48, "CN7_3", 600, -2230, "B", "DIP", "$1N1477", "", "C", 82.68, 82.68, 55.12, 90],
		[49, "CN8_1", 605, -2485, "T", "DIP", "$1N3844", "", "C", 82.68, 82.68, 55.12, 90],
		[50, "CN8_1", 605, -2485, "B", "DIP", "$1N3844", "", "C", 82.68, 82.68, 55.12, 90],
		[51, "CN8_1", 405, -2485, "T", "DIP", "$1N3844", "", "R", 82.68, 82.68, 55.12, 90],
		[52, "CN8_1", 405, -2485, "B", "DIP", "$1N3844", "", "R", 82.68, 82.68, 55.12, 90],
		[53, "CN8_2", 605, -2585, "T", "DIP", "$1N3849", "", "C", 82.68, 82.68, 55.12, 90],
		[54, "CN8_2", 605, -2585, "B", "DIP", "$1N3849", "", "C", 82.68, 82.68, 55.12, 90],
		[55, "CN8_2", 405, -2585, "T", "DIP", "$1N3849", "", "C", 82.68, 82.68, 55.12, 90],
		[56, "CN8_2", 405, -2585, "B", "DIP", "$1N3849", "", "C", 82.68, 82.68, 55.12, 90],
		[57, "CN9_1", 600, -2855, "T", "DIP", "$1N3866", "", "C", 82.68, 82.68, 55.12, 90],
		[58, "CN9_1", 600, -2855, "B", "DIP", "$1N3866", "", "C", 82.68, 82.68, 55.12, 90],
		[59, "CN9_1", 400, -2855, "T", "DIP", "$1N3866", "", "R", 82.68, 82.68, 55.12, 90],
		[60, "CN9_1", 400, -2855, "B", "DIP", "$1N3866", "", "R", 82.68, 82.68, 55.12, 90],
		[61, "CN9_2", 600, -2955, "T", "DIP", "$1N3859", "", "C", 82.68, 82.68, 55.12, 90],
		[62, "CN9_2", 600, -2955, "B", "DIP", "$1N3859", "", "C", 82.68, 82.68, 55.12, 90],
		[63, "CN9_2", 400, -2955, "T", "DIP", "$1N3859", "", "C", 82.68, 82.68, 55.12, 90],
		[64, "CN9_2", 400, -2955, "B", "DIP", "$1N3859", "", "C", 82.68, 82.68, 55.12, 90],
		[65, "CN10_1", 2594.61, -2054.05, "T", "SMD", "RST_MEGA", "", "R", 23.62, 66.93, 0, 0],
		[66, "CN10_2", 2545.41, -2054.05, "T", "SMD", "GND", "GND", "R", 23.62, 66.93, 0, 0],
		[67, "CN10_3", 2667.44, -2185.95, "T", "SMD", "GND", "GND", "R", 39.37, 110.24, 0, 0],
		[68, "CN10_4", 2472.56, -2185.94, "T", "SMD", "GND", "GND", "R", 39.37, 110.24, 0, 0],
		[69, "CN13_1", 2989.61, -2634.05, "T", "SMD", "$2N2537", "", "R", 23.62, 66.93, 0, 0],
		[70, "CN13_2", 2940.41, -2634.05, "T", "SMD", "GND", "GND", "R", 23.62, 66.93, 0, 0],
		[71, "CN13_3", 3062.44, -2765.95, "T", "SMD", "GND", "GND", "R", 39.37, 110.24, 0, 0],
		[72, "CN13_4", 2867.56, -2765.94, "T", "SMD", "GND", "GND", "R", 39.37, 110.24, 0, 0],
		[73, "CN14_1", 4624.61, -2389.05, "T", "SMD", "NET1", "", "R", 23.62, 66.93, 0, 0],
		[74, "CN14_2", 4575.41, -2389.05, "T", "SMD", "GND", "GND", "R", 23.62, 66.93, 0, 0],
		[75, "CN14_3", 4697.44, -2520.95, "T", "SMD", "GND", "GND", "R", 39.37, 110.24, 0, 0],
		[76, "CN14_4", 4502.56, -2520.94, "T", "SMD", "GND", "GND", "R", 39.37, 110.24, 0, 0],
		[77, "CN15_1", 4589.61, -2634.05, "T", "SMD", "NET2", "", "R", 23.62, 66.93, 0, 0],
		[78, "CN15_2", 4540.41, -2634.05, "T", "SMD", "GND", "GND", "R", 23.62, 66.93, 0, 0],
		[79, "CN15_3", 4662.44, -2765.95, "T", "SMD", "GND", "GND", "R", 39.37, 110.24, 0, 0],
		[80, "CN15_4", 4467.56, -2765.94, "T", "SMD", "GND", "GND", "R", 39.37, 110.24, 0, 0],
		[81, "CN16_1", 4363.61, -2389.05, "T", "SMD", "NET3", "", "R", 23.62, 66.93, 0, 0],
		[82, "CN16_2", 4314.41, -2389.05, "T", "SMD", "GND", "GND", "R", 23.62, 66.93, 0, 0],
		[83, "CN16_3", 4436.44, -2520.95, "T", "SMD", "GND", "GND", "R", 39.37, 110.24, 0, 0],
		[84, "CN16_4", 4241.56, -2520.94, "T", "SMD", "GND", "GND", "R", 39.37, 110.24, 0, 0],
		[85, "CN17_1", 4322.94, -2634.05, "T", "SMD", "NET4", "", "R", 23.62, 66.93, 0, 0],
		[86, "CN17_2", 4273.74, -2634.05, "T", "SMD", "GND", "GND", "R", 23.62, 66.93, 0, 0],
		[87, "CN17_3", 4395.77, -2765.95, "T", "SMD", "GND", "GND", "R", 39.37, 110.24, 0, 0],
		[88, "CN17_4", 4200.89, -2765.94, "T", "SMD", "GND", "GND", "R", 39.37, 110.24, 0, 0],
		[89, "CN18_1", 4102.61, -2389.05, "T", "SMD", "NET5", "", "R", 23.62, 66.93, 0, 0],
		[90, "CN18_2", 4053.41, -2389.05, "T", "SMD", "GND", "GND", "R", 23.62, 66.93, 0, 0],
		[91, "CN18_3", 4175.44, -2520.95, "T", "SMD", "GND", "GND", "R", 39.37, 110.24, 0, 0],
		[92, "CN18_4", 3980.56, -2520.94, "T", "SMD", "GND", "GND", "R", 39.37, 110.24, 0, 0],
		[93, "CN19_1", 4056.28, -2634.05, "T", "SMD", "NET6", "", "R", 23.62, 66.93, 0, 0],
		[94, "CN19_2", 4007.08, -2634.05, "T", "SMD", "GND", "GND", "R", 23.62, 66.93, 0, 0],
		[95, "CN19_3", 4129.11, -2765.95, "T", "SMD", "GND", "GND", "R", 39.37, 110.24, 0, 0],
		[96, "CN19_4", 3934.23, -2765.94, "T", "SMD", "GND", "GND", "R", 39.37, 110.24, 0, 0],
		[97, "CN20_1", 3841.61, -2389.05, "T", "SMD", "NET7", "", "R", 23.62, 66.93, 0, 0],
		[98, "CN20_2", 3792.41, -2389.05, "T", "SMD", "GND", "GND", "R", 23.62, 66.93, 0, 0],
		[99, "CN20_3", 3914.44, -2520.95, "T", "SMD", "GND", "GND", "R", 39.37, 110.24, 0, 0],
		[100, "CN20_4", 3719.56, -2520.94, "T", "SMD", "GND", "GND", "R", 39.37, 110.24, 0, 0],
		[101, "CN21_1", 3789.61, -2634.05, "T", "SMD", "NET8", "", "R", 23.62, 66.93, 0, 0],
		[102, "CN21_2", 3740.41, -2634.05, "T", "SMD", "GND", "GND", "R", 23.62, 66.93, 0, 0],
		[103, "CN21_3", 3862.44, -2765.95, "T", "SMD", "GND", "GND", "R", 39.37, 110.24, 0, 0],
		[104, "CN21_4", 3667.56, -2765.94, "T", "SMD", "GND", "GND", "R", 39.37, 110.24, 0, 0],
		[105, "CN22_1", 3580.61, -2389.05, "T", "SMD", "NET9", "", "R", 23.62, 66.93, 0, 0],
		[106, "CN22_2", 3531.41, -2389.05, "T", "SMD", "GND", "GND", "R", 23.62, 66.93, 0, 0],
		[107, "CN22_3", 3653.44, -2520.95, "T", "SMD", "GND", "GND", "R", 39.37, 110.24, 0, 0],
		[108, "CN22_4", 3458.56, -2520.94, "T", "SMD", "GND", "GND", "R", 39.37, 110.24, 0, 0],
		[109, "CN23_1", 3522.94, -2634.05, "T", "SMD", "NET10", "", "R", 23.62, 66.93, 0, 0],
		[110, "CN23_2", 3473.74, -2634.05, "T", "SMD", "GND", "GND", "R", 23.62, 66.93, 0, 0],
		[111, "CN23_3", 3595.77, -2765.95, "T", "SMD", "GND", "GND", "R", 39.37, 110.24, 0, 0],
		[112, "CN23_4", 3400.89, -2765.94, "T", "SMD", "GND", "GND", "R", 39.37, 110.24, 0, 0],
		[113, "CN24_1", 3319.61, -2389.05, "T", "SMD", "NET11", "", "R", 23.62, 66.93, 0, 0],
		[114, "CN24_2", 3270.41, -2389.05, "T", "SMD", "GND", "GND", "R", 23.62, 66.93, 0, 0],
		[115, "CN24_3", 3392.44, -2520.95, "T", "SMD", "GND", "GND", "R", 39.37, 110.24, 0, 0],
		[116, "CN24_4", 3197.56, -2520.94, "T", "SMD", "GND", "GND", "R", 39.37, 110.24, 0, 0],
		[117, "CN25_1", 3256.28, -2634.05, "T", "SMD", "NET12", "", "R", 23.62, 66.93, 0, 0],
		[118, "CN25_2", 3207.08, -2634.05, "T", "SMD", "GND", "GND", "R", 23.62, 66.93, 0, 0],
		[119, "CN25_3", 3329.11, -2765.95, "T", "SMD", "GND", "GND", "R", 39.37, 110.24, 0, 0],
		[120, "CN25_4", 3134.23, -2765.94, "T", "SMD", "GND", "GND", "R", 39.37, 110.24, 0, 0],
		[121, "CN26_1", 3173.8, -3169.06, "T", "SMD", "$2N3833", "", "R", 23.62, 66.93, 0, 0],
		[122, "CN26_2", 3124.6, -3169.06, "T", "SMD", "GND", "GND", "R", 23.62, 66.93, 0, 0],
		[123, "CN26_3", 3075.4, -3169.06, "T", "SMD", "NET12", "", "R", 23.62, 66.93, 0, 0],
		[124, "CN26_4", 3026.2, -3169.06, "T", "SMD", "GND", "GND", "R", 23.62, 66.93, 0, 0],
		[125, "CN26_5", 3246.65, -3300.94, "T", "SMD", "GND", "GND", "R", 39.37, 110.24, 0, 0],
		[126, "CN26_6", 2953.35, -3300.94, "T", "SMD", "GND", "GND", "R", 39.37, 110.24, 0, 0],
		[127, "CN27_1", 4840, -2950, "T", "DIP", "VCC", "", "C", 82.68, 82.68, 55.12, 180],
		[128, "CN27_1", 4840, -2950, "B", "DIP", "VCC", "", "C", 82.68, 82.68, 55.12, 180],
		[129, "CN27_1", 4840, -3150, "T", "DIP", "VCC", "", "R", 82.68, 82.68, 55.12, 180],
		[130, "CN27_1", 4840, -3150, "B", "DIP", "VCC", "", "R", 82.68, 82.68, 55.12, 180],
		[131, "CN27_2", 4940, -2950, "T", "DIP", "GND", "GND", "C", 82.68, 82.68, 55.12, 180],
		[132, "CN27_2", 4940, -2950, "B", "DIP", "GND", "GND", "C", 82.68, 82.68, 55.12, 180],
		[133, "CN27_2", 4940, -3150, "T", "DIP", "GND", "GND", "C", 82.68, 82.68, 55.12, 180],
		[134, "CN27_2", 4940, -3150, "B", "DIP", "GND", "GND", "C", 82.68, 82.68, 55.12, 180],
		[135, "CN27_3", 5040, -3150, "T", "DIP", "S2", "", "C", 82.68, 82.68, 55.12, 180],
		[136, "CN27_3", 5040, -3150, "B", "DIP", "S2", "", "C", 82.68, 82.68, 55.12, 180],
		[137, "CN27_3", 5040, -2950, "T", "DIP", "S2", "", "C", 82.68, 82.68, 55.12, 180],
		[138, "CN27_3", 5040, -2950, "B", "DIP", "S2", "", "C", 82.68, 82.68, 55.12, 180],
		[139, "CN28_1", 5365, -2955, "T", "DIP", "VCC", "", "C", 82.68, 82.68, 55.12, 180],
		[140, "CN28_1", 5365, -2955, "B", "DIP", "VCC", "", "C", 82.68, 82.68, 55.12, 180],
		[141, "CN28_1", 5365, -3155, "T", "DIP", "VCC", "", "R", 82.68, 82.68, 55.12, 180],
		[142, "CN28_1", 5365, -3155, "B", "DIP", "VCC", "", "R", 82.68, 82.68, 55.12, 180],
		[143, "CN28_2", 5465, -2955, "T", "DIP", "GND", "GND", "C", 82.68, 82.68, 55.12, 180],
		[144, "CN28_2", 5465, -2955, "B", "DIP", "GND", "GND", "C", 82.68, 82.68, 55.12, 180],
		[145, "CN28_2", 5465, -3155, "T", "DIP", "GND", "GND", "C", 82.68, 82.68, 55.12, 180],
		[146, "CN28_2", 5465, -3155, "B", "DIP", "GND", "GND", "C", 82.68, 82.68, 55.12, 180],
		[147, "CN28_3", 5565, -3155, "T", "DIP", "S1", "", "C", 82.68, 82.68, 55.12, 180],
		[148, "CN28_3", 5565, -3155, "B", "DIP", "S1", "", "C", 82.68, 82.68, 55.12, 180],
		[149, "CN28_3", 5565, -2955, "T", "DIP", "S1", "", "C", 82.68, 82.68, 55.12, 180],
		[150, "CN28_3", 5565, -2955, "B", "DIP", "S1", "", "C", 82.68, 82.68, 55.12, 180],
		[151, "CN31_1", 6035, -1330, "T", "DIP", "$2N5612", "", "C", 82.68, 82.68, 55.12, 270],
		[152, "CN31_1", 6035, -1330, "B", "DIP", "$2N5612", "", "C", 82.68, 82.68, 55.12, 270],
		[153, "CN31_1", 6235, -1330, "T", "DIP", "$2N5612", "", "R", 82.68, 82.68, 55.12, 270],
		[154, "CN31_1", 6235, -1330, "B", "DIP", "$2N5612", "", "R", 82.68, 82.68, 55.12, 270],
		[155, "CN31_2", 6035, -1230, "T", "DIP", "$2N5623", "", "C", 82.68, 82.68, 55.12, 270],
		[156, "CN31_2", 6035, -1230, "B", "DIP", "$2N5623", "", "C", 82.68, 82.68, 55.12, 270],
		[157, "CN31_2", 6235, -1230, "T", "DIP", "$2N5623", "", "C", 82.68, 82.68, 55.12, 270],
		[158, "CN31_2", 6235, -1230, "B", "DIP", "$2N5623", "", "C", 82.68, 82.68, 55.12, 270],
		[159, "CN32_1", 6035, -1660, "T", "DIP", "$2N5632", "", "C", 82.68, 82.68, 55.12, 270],
		[160, "CN32_1", 6035, -1660, "B", "DIP", "$2N5632", "", "C", 82.68, 82.68, 55.12, 270],
		[161, "CN32_1", 6235, -1660, "T", "DIP", "$2N5632", "", "R", 82.68, 82.68, 55.12, 270],
		[162, "CN32_1", 6235, -1660, "B", "DIP", "$2N5632", "", "R", 82.68, 82.68, 55.12, 270],
		[163, "CN32_2", 6035, -1560, "T", "DIP", "$2N5638", "", "C", 82.68, 82.68, 55.12, 270],
		[164, "CN32_2", 6035, -1560, "B", "DIP", "$2N5638", "", "C", 82.68, 82.68, 55.12, 270],
		[165, "CN32_2", 6235, -1560, "T", "DIP", "$2N5638", "", "C", 82.68, 82.68, 55.12, 270],
		[166, "CN32_2", 6235, -1560, "B", "DIP", "$2N5638", "", "C", 82.68, 82.68, 55.12, 270],
		[167, "CN33_1", 6035, -605, "T", "DIP", "$2N6617", "", "C", 82.68, 82.68, 55.12, 270],
		[168, "CN33_1", 6035, -605, "B", "DIP", "$2N6617", "", "C", 82.68, 82.68, 55.12, 270],
		[169, "CN33_1", 6235, -605, "T", "DIP", "$2N6617", "", "R", 82.68, 82.68, 55.12, 270],
		[170, "CN33_1", 6235, -605, "B", "DIP", "$2N6617", "", "R", 82.68, 82.68, 55.12, 270],
		[171, "CN33_2", 6035, -505, "T", "DIP", "$2N6599", "", "C", 82.68, 82.68, 55.12, 270],
		[172, "CN33_2", 6035, -505, "B", "DIP", "$2N6599", "", "C", 82.68, 82.68, 55.12, 270],
		[173, "CN33_2", 6235, -505, "T", "DIP", "$2N6599", "", "C", 82.68, 82.68, 55.12, 270],
		[174, "CN33_2", 6235, -505, "B", "DIP", "$2N6599", "", "C", 82.68, 82.68, 55.12, 270],
		[175, "CN34_1", 6040, -945, "T", "DIP", "$2N6627", "", "C", 82.68, 82.68, 55.12, 270],
		[176, "CN34_1", 6040, -945, "B", "DIP", "$2N6627", "", "C", 82.68, 82.68, 55.12, 270],
		[177, "CN34_1", 6240, -945, "T", "DIP", "$2N6627", "", "R", 82.68, 82.68, 55.12, 270],
		[178, "CN34_1", 6240, -945, "B", "DIP", "$2N6627", "", "R", 82.68, 82.68, 55.12, 270],
		[179, "CN34_2", 6040, -845, "T", "DIP", "$2N6609", "", "C", 82.68, 82.68, 55.12, 270],
		[180, "CN34_2", 6040, -845, "B", "DIP", "$2N6609", "", "C", 82.68, 82.68, 55.12, 270],
		[181, "CN34_2", 6240, -845, "T", "DIP", "$2N6609", "", "C", 82.68, 82.68, 55.12, 270],
		[182, "CN34_2", 6240, -845, "B", "DIP", "$2N6609", "", "C", 82.68, 82.68, 55.12, 270],
		[183, "CN35_1", 918.27, -648.11, "T", "DIP", "GND", "GND", "C", 149.61, 149.61, 114.17, 0],
		[184, "CN35_1", 918.27, -648.11, "B", "DIP", "GND", "GND", "C", 149.61, 149.61, 114.17, 0],
		[185, "CN35_2", 1201.73, -648.11, "T", "DIP", "VCC", "", "C", 149.61, 149.61, 114.17, 0],
		[186, "CN35_2", 1201.73, -648.11, "B", "DIP", "VCC", "", "C", 149.61, 149.61, 114.17, 0],
		[187, "CN35_3", 1325.75, -411.89, "T", "DIP", "GND", "GND", "O", 47.24, 86.61, 62.99, 0],
		[188, "CN35_3", 1325.75, -411.89, "B", "DIP", "GND", "GND", "O", 47.24, 86.61, 62.99, 0],
		[189, "CN35_4", 794.25, -411.89, "T", "DIP", "GND", "GND", "O", 47.24, 86.61, 62.99, 0],
		[190, "CN35_4", 794.25, -411.89, "B", "DIP", "GND", "GND", "O", 47.24, 86.61, 62.99, 0],
		[191, "CN36_1", 6030, -3020, "T", "DIP", "GND", "GND", "C", 70.87, 70.87, 43.31, 90],
		[192, "CN36_1", 6030, -3020, "B", "DIP", "GND", "GND", "C", 70.87, 70.87, 43.31, 90],
		[193, "CN36_1", 6230, -3020, "T", "DIP", "GND", "GND", "C", 70.87, 70.87, 43.31, 90],
		[194, "CN36_1", 6230, -3020, "B", "DIP", "GND", "GND", "C", 70.87, 70.87, 43.31, 90],
		[195, "CN36_2", 6030, -2920, "T", "DIP", "GND", "GND", "C", 70.87, 70.87, 43.31, 90],
		[196, "CN36_2", 6030, -2920, "B", "DIP", "GND", "GND", "C", 70.87, 70.87, 43.31, 90],
		[197, "CN36_2", 6230, -2920, "T", "DIP", "GND", "GND", "C", 70.87, 70.87, 43.31, 90],
		[198, "CN36_2", 6230, -2920, "B", "DIP", "GND", "GND", "C", 70.87, 70.87, 43.31, 90],
		[199, "CN36_3", 6030, -2820, "T", "DIP", "GND", "GND", "C", 70.87, 70.87, 43.31, 90],
		[200, "CN36_3", 6030, -2820, "B", "DIP", "GND", "GND", "C", 70.87, 70.87, 43.31, 90],
		[201, "CN36_3", 6230, -2820, "T", "DIP", "GND", "GND", "C", 70.87, 70.87, 43.31, 90],
		[202, "CN36_3", 6230, -2820, "B", "DIP", "GND", "GND", "C", 70.87, 70.87, 43.31, 90],
		[203, "CN36_4", 6030, -2720, "T", "DIP", "GND", "GND", "C", 70.87, 70.87, 43.31, 90],
		[204, "CN36_4", 6030, -2720, "B", "DIP", "GND", "GND", "C", 70.87, 70.87, 43.31, 90],
		[205, "CN36_4", 6230, -2720, "T", "DIP", "GND", "GND", "C", 70.87, 70.87, 43.31, 90],
		[206, "CN36_4", 6230, -2720, "B", "DIP", "GND", "GND", "C", 70.87, 70.87, 43.31, 90],
		[207, "CN36_5", 6030, -2620, "T", "DIP", "GND", "GND", "C", 70.87, 70.87, 43.31, 90],
		[208, "CN36_5", 6030, -2620, "B", "DIP", "GND", "GND", "C", 70.87, 70.87, 43.31, 90],
		[209, "CN36_5", 6230, -2620, "T", "DIP", "GND", "GND", "C", 70.87, 70.87, 43.31, 90],
		[210, "CN36_5", 6230, -2620, "B", "DIP", "GND", "GND", "C", 70.87, 70.87, 43.31, 90],
		[211, "CN36_6", 6030, -2520, "T", "DIP", "GND", "GND", "C", 70.87, 70.87, 43.31, 90],
		[212, "CN36_6", 6030, -2520, "B", "DIP", "GND", "GND", "C", 70.87, 70.87, 43.31, 90],
		[213, "CN36_6", 6230, -2520, "T", "DIP", "GND", "GND", "C", 70.87, 70.87, 43.31, 90],
		[214, "CN36_6", 6230, -2520, "B", "DIP", "GND", "GND", "C", 70.87, 70.87, 43.31, 90],
		[215, "CN36_7", 6030, -2420, "T", "DIP", "GND", "GND", "C", 70.87, 70.87, 43.31, 90],
		[216, "CN36_7", 6030, -2420, "B", "DIP", "GND", "GND", "C", 70.87, 70.87, 43.31, 90],
		[217, "CN36_7", 6230, -2420, "T", "DIP", "GND", "GND", "C", 70.87, 70.87, 43.31, 90],
		[218, "CN36_7", 6230, -2420, "B", "DIP", "GND", "GND", "C", 70.87, 70.87, 43.31, 90],
		[219, "CN36_8", 6030, -2320, "T", "DIP", "GND", "GND", "C", 70.87, 70.87, 43.31, 90],
		[220, "CN36_8", 6030, -2320, "B", "DIP", "GND", "GND", "C", 70.87, 70.87, 43.31, 90],
		[221, "CN36_8", 6230, -2320, "T", "DIP", "GND", "GND", "C", 70.87, 70.87, 43.31, 90],
		[222, "CN36_8", 6230, -2320, "B", "DIP", "GND", "GND", "C", 70.87, 70.87, 43.31, 90],
		[223, "CN36_9", 6030, -2220, "T", "DIP", "GND", "GND", "C", 70.87, 70.87, 43.31, 90],
		[224, "CN36_9", 6030, -2220, "B", "DIP", "GND", "GND", "C", 70.87, 70.87, 43.31, 90],
		[225, "CN36_9", 6230, -2220, "T", "DIP", "GND", "GND", "C", 70.87, 70.87, 43.31, 90],
		[226, "CN36_9", 6230, -2220, "B", "DIP", "GND", "GND", "C", 70.87, 70.87, 43.31, 90],
		[227, "CN36_10", 6030, -2120, "T", "DIP", "GND", "GND", "C", 70.87, 70.87, 43.31, 90],
		[228, "CN36_10", 6030, -2120, "B", "DIP", "GND", "GND", "C", 70.87, 70.87, 43.31, 90],
		[229, "CN36_10", 6230, -2120, "T", "DIP", "GND", "GND", "C", 70.87, 70.87, 43.31, 90],
		[230, "CN36_10", 6230, -2120, "B", "DIP", "GND", "GND", "C", 70.87, 70.87, 43.31, 90],
		[231, "CN36_11", 6230, -2020, "T", "DIP", "GND", "GND", "C", 70.87, 70.87, 43.31, 90],
		[232, "CN36_11", 6230, -2020, "B", "DIP", "GND", "GND", "C", 70.87, 70.87, 43.31, 90],
		[233, "CN36_11", 6030, -2020, "T", "DIP", "GND", "GND", "C", 70.87, 70.87, 43.31, 90],
		[234, "CN36_11", 6030, -2020, "B", "DIP", "GND", "GND", "C", 70.87, 70.87, 43.31, 90],
		[235, "CN36_12", 6230, -1920, "T", "DIP", "GND", "GND", "C", 70.87, 70.87, 43.31, 90],
		[236, "CN36_12", 6230, -1920, "B", "DIP", "GND", "GND", "C", 70.87, 70.87, 43.31, 90],
		[237, "CN36_12", 6030, -1920, "T", "DIP", "GND", "GND", "C", 70.87, 70.87, 43.31, 90],
		[238, "CN36_12", 6030, -1920, "B", "DIP", "GND", "GND", "C", 70.87, 70.87, 43.31, 90],
		[239, "CN37_1", 3430, -2960, "T", "DIP", "NET12", "", "C", 70.87, 70.87, 43.31, 0],
		[240, "CN37_1", 3430, -2960, "B", "DIP", "NET12", "", "C", 70.87, 70.87, 43.31, 0],
		[241, "CN37_1", 3430, -3160, "T", "DIP", "NET12", "", "C", 70.87, 70.87, 43.31, 0],
		[242, "CN37_1", 3430, -3160, "B", "DIP", "NET12", "", "C", 70.87, 70.87, 43.31, 0],
		[243, "CN37_2", 3530, -2960, "T", "DIP", "NET11", "", "C", 70.87, 70.87, 43.31, 0],
		[244, "CN37_2", 3530, -2960, "B", "DIP", "NET11", "", "C", 70.87, 70.87, 43.31, 0],
		[245, "CN37_2", 3530, -3160, "T", "DIP", "NET11", "", "C", 70.87, 70.87, 43.31, 0],
		[246, "CN37_2", 3530, -3160, "B", "DIP", "NET11", "", "C", 70.87, 70.87, 43.31, 0],
		[247, "CN37_3", 3630, -2960, "T", "DIP", "NET10", "", "C", 70.87, 70.87, 43.31, 0],
		[248, "CN37_3", 3630, -2960, "B", "DIP", "NET10", "", "C", 70.87, 70.87, 43.31, 0],
		[249, "CN37_3", 3630, -3160, "T", "DIP", "NET10", "", "C", 70.87, 70.87, 43.31, 0],
		[250, "CN37_3", 3630, -3160, "B", "DIP", "NET10", "", "C", 70.87, 70.87, 43.31, 0],
		[251, "CN37_4", 3730, -2960, "T", "DIP", "NET9", "", "C", 70.87, 70.87, 43.31, 0],
		[252, "CN37_4", 3730, -2960, "B", "DIP", "NET9", "", "C", 70.87, 70.87, 43.31, 0],
		[253, "CN37_4", 3730, -3160, "T", "DIP", "NET9", "", "C", 70.87, 70.87, 43.31, 0],
		[254, "CN37_4", 3730, -3160, "B", "DIP", "NET9", "", "C", 70.87, 70.87, 43.31, 0],
		[255, "CN37_5", 3830, -2960, "T", "DIP", "NET8", "", "C", 70.87, 70.87, 43.31, 0],
		[256, "CN37_5", 3830, -2960, "B", "DIP", "NET8", "", "C", 70.87, 70.87, 43.31, 0],
		[257, "CN37_5", 3830, -3160, "T", "DIP", "NET8", "", "C", 70.87, 70.87, 43.31, 0],
		[258, "CN37_5", 3830, -3160, "B", "DIP", "NET8", "", "C", 70.87, 70.87, 43.31, 0],
		[259, "CN37_6", 3930, -2960, "T", "DIP", "NET7", "", "C", 70.87, 70.87, 43.31, 0],
		[260, "CN37_6", 3930, -2960, "B", "DIP", "NET7", "", "C", 70.87, 70.87, 43.31, 0],
		[261, "CN37_6", 3930, -3160, "T", "DIP", "NET7", "", "C", 70.87, 70.87, 43.31, 0],
		[262, "CN37_6", 3930, -3160, "B", "DIP", "NET7", "", "C", 70.87, 70.87, 43.31, 0],
		[263, "CN37_7", 4030, -2960, "T", "DIP", "NET6", "", "C", 70.87, 70.87, 43.31, 0],
		[264, "CN37_7", 4030, -2960, "B", "DIP", "NET6", "", "C", 70.87, 70.87, 43.31, 0],
		[265, "CN37_7", 4030, -3160, "T", "DIP", "NET6", "", "C", 70.87, 70.87, 43.31, 0],
		[266, "CN37_7", 4030, -3160, "B", "DIP", "NET6", "", "C", 70.87, 70.87, 43.31, 0],
		[267, "CN37_8", 4130, -2960, "T", "DIP", "NET5", "", "C", 70.87, 70.87, 43.31, 0],
		[268, "CN37_8", 4130, -2960, "B", "DIP", "NET5", "", "C", 70.87, 70.87, 43.31, 0],
		[269, "CN37_8", 4130, -3160, "T", "DIP", "NET5", "", "C", 70.87, 70.87, 43.31, 0],
		[270, "CN37_8", 4130, -3160, "B", "DIP", "NET5", "", "C", 70.87, 70.87, 43.31, 0],
		[271, "CN37_9", 4230, -2960, "T", "DIP", "NET4", "", "C", 70.87, 70.87, 43.31, 0],
		[272, "CN37_9", 4230, -2960, "B", "DIP", "NET4", "", "C", 70.87, 70.87, 43.31, 0],
		[273, "CN37_9", 4230, -3160, "T", "DIP", "NET4", "", "C", 70.87, 70.87, 43.31, 0],
		[274, "CN37_9", 4230, -3160, "B", "DIP", "NET4", "", "C", 70.87, 70.87, 43.31, 0],
		[275, "CN37_10", 4330, -2960, "T", "DIP", "NET3", "", "C", 70.87, 70.87, 43.31, 0],
		[276, "CN37_10", 4330, -2960, "B", "DIP", "NET3", "", "C", 70.87, 70.87, 43.31, 0],
		[277, "CN37_10", 4330, -3160, "T", "DIP", "NET3", "", "C", 70.87, 70.87, 43.31, 0],
		[278, "CN37_10", 4330, -3160, "B", "DIP", "NET3", "", "C", 70.87, 70.87, 43.31, 0],
		[279, "CN37_11", 4430, -3160, "T", "DIP", "NET2", "", "C", 70.87, 70.87, 43.31, 0],
		[280, "CN37_11", 4430, -3160, "B", "DIP", "NET2", "", "C", 70.87, 70.87, 43.31, 0],
		[281, "CN37_11", 4430, -2960, "T", "DIP", "NET2", "", "C", 70.87, 70.87, 43.31, 0],
		[282, "CN37_11", 4430, -2960, "B", "DIP", "NET2", "", "C", 70.87, 70.87, 43.31, 0],
		[283, "CN37_12", 4530, -3160, "T", "DIP", "NET1", "", "C", 70.87, 70.87, 43.31, 0],
		[284, "CN37_12", 4530, -3160, "B", "DIP", "NET1", "", "C", 70.87, 70.87, 43.31, 0],
		[285, "CN37_12", 4530, -2960, "T", "DIP", "NET1", "", "C", 70.87, 70.87, 43.31, 0],
		[286, "CN37_12", 4530, -2960, "B", "DIP", "NET1", "", "C", 70.87, 70.87, 43.31, 0],
		[287, "D9_1", 5410, -1128.84, "T", "SMD", "VCC", "", "R", 39.37, 29.53, 0, 270],
		[288, "D9_2", 5410, -1221.16, "T", "SMD", "$2N5612", "", "R", 39.37, 29.53, 0, 270],
		[289, "D10_1", 5530, -1128.84, "T", "SMD", "VCC", "", "R", 39.37, 29.53, 0, 270],
		[290, "D10_2", 5530, -1221.16, "T", "SMD", "$2N5623", "", "R", 39.37, 29.53, 0, 270],
		[291, "D11_1", 5650, -1128.84, "T", "SMD", "VCC", "", "R", 39.37, 29.53, 0, 270],
		[292, "D11_2", 5650, -1221.16, "T", "SMD", "$2N5632", "", "R", 39.37, 29.53, 0, 270],
		[293, "D12_1", 5765, -1128.84, "T", "SMD", "VCC", "", "R", 39.37, 29.53, 0, 270],
		[294, "D12_2", 5765, -1221.16, "T", "SMD", "$2N5638", "", "R", 39.37, 29.53, 0, 270],
		[295, "D13_1", 5422.17, -2098.84, "T", "SMD", "$2N5612", "", "R", 39.37, 29.53, 0, 270],
		[296, "D13_2", 5422.17, -2191.16, "T", "SMD", "$2N5825", "", "R", 39.37, 29.53, 0, 270],
		[297, "D14_1", 5540, -2098.84, "T", "SMD", "$2N5623", "", "R", 39.37, 29.53, 0, 270],
		[298, "D14_2", 5540, -2191.16, "T", "SMD", "$2N5825", "", "R", 39.37, 29.53, 0, 270],
		[299, "D15_1", 5660, -2098.84, "T", "SMD", "$2N5632", "", "R", 39.37, 29.53, 0, 270],
		[300, "D15_2", 5660, -2191.16, "T", "SMD", "$2N5825", "", "R", 39.37, 29.53, 0, 270],
		[301, "D16_1", 5775, -2098.84, "T", "SMD", "$2N5638", "", "R", 39.37, 29.53, 0, 270],
		[302, "D16_2", 5775, -2191.16, "T", "SMD", "$2N5825", "", "R", 39.37, 29.53, 0, 270],
		[303, "D17_1", 5615, -163.83, "T", "SMD", "VCC", "", "R", 39.37, 29.53, 0, 270],
		[304, "D17_2", 5615, -256.17, "T", "SMD", "$2N6617", "", "R", 39.37, 29.53, 0, 270],
		[305, "D18_1", 5730, -163.83, "T", "SMD", "VCC", "", "R", 39.37, 29.53, 0, 270],
		[306, "D18_2", 5730, -256.17, "T", "SMD", "$2N6599", "", "R", 39.37, 29.53, 0, 270],
		[307, "D19_1", 5845, -163.83, "T", "SMD", "VCC", "", "R", 39.37, 29.53, 0, 270],
		[308, "D19_2", 5845, -256.17, "T", "SMD", "$2N6627", "", "R", 39.37, 29.53, 0, 270],
		[309, "D20_1", 5965, -163.83, "T", "SMD", "VCC", "", "R", 39.37, 29.53, 0, 270],
		[310, "D20_2", 5965, -256.17, "T", "SMD", "$2N6609", "", "R", 39.37, 29.53, 0, 270],
		[311, "D21_1", 5405, -973.84, "T", "SMD", "$2N6617", "", "R", 39.37, 29.53, 0, 270],
		[312, "D21_2", 5405, -1066.16, "T", "SMD", "$2N6593", "", "R", 39.37, 29.53, 0, 270],
		[313, "D22_1", 5525, -973.84, "T", "SMD", "$2N6599", "", "R", 39.37, 29.53, 0, 270],
		[314, "D22_2", 5525, -1066.16, "T", "SMD", "$2N6593", "", "R", 39.37, 29.53, 0, 270],
		[315, "D23_1", 5650, -968.84, "T", "SMD", "$2N6627", "", "R", 39.37, 29.53, 0, 270],
		[316, "D23_2", 5650, -1061.16, "T", "SMD", "$2N6593", "", "R", 39.37, 29.53, 0, 270],
		[317, "D24_1", 5770, -968.84, "T", "SMD", "$2N6609", "", "R", 39.37, 29.53, 0, 270],
		[318, "D24_2", 5770, -1061.16, "T", "SMD", "$2N6593", "", "R", 39.37, 29.53, 0, 270],
		[319, "H1_1", 2815, -2200, "T", "DIP", "NET12", "", "R", 62.99, 62.99, 41.34, 90],
		[320, "H1_1", 2815, -2200, "B", "DIP", "NET12", "", "R", 62.99, 62.99, 41.34, 90],
		[321, "H1_2", 2815, -2100, "T", "DIP", "NET11", "", "C", 62.99, 62.99, 41.34, 90],
		[322, "H1_2", 2815, -2100, "B", "DIP", "NET11", "", "C", 62.99, 62.99, 41.34, 90],
		[323, "H1_3", 2815, -2000, "T", "DIP", "NET10", "", "C", 62.99, 62.99, 41.34, 90],
		[324, "H1_3", 2815, -2000, "B", "DIP", "NET10", "", "C", 62.99, 62.99, 41.34, 90],
		[325, "H1_4", 2815, -1900, "T", "DIP", "NET9", "", "C", 62.99, 62.99, 41.34, 90],
		[326, "H1_4", 2815, -1900, "B", "DIP", "NET9", "", "C", 62.99, 62.99, 41.34, 90],
		[327, "H1_5", 2815, -1800, "T", "DIP", "NET8", "", "C", 62.99, 62.99, 41.34, 90],
		[328, "H1_5", 2815, -1800, "B", "DIP", "NET8", "", "C", 62.99, 62.99, 41.34, 90],
		[329, "H1_6", 2815, -1700, "T", "DIP", "NET7", "", "C", 62.99, 62.99, 41.34, 90],
		[330, "H1_6", 2815, -1700, "B", "DIP", "NET7", "", "C", 62.99, 62.99, 41.34, 90],
		[331, "H1_7", 2815, -1600, "T", "DIP", "NET6", "", "C", 62.99, 62.99, 41.34, 90],
		[332, "H1_7", 2815, -1600, "B", "DIP", "NET6", "", "C", 62.99, 62.99, 41.34, 90],
		[333, "H1_8", 2815, -1500, "T", "DIP", "NET5", "", "C", 62.99, 62.99, 41.34, 90],
		[334, "H1_8", 2815, -1500, "B", "DIP", "NET5", "", "C", 62.99, 62.99, 41.34, 90],
		[335, "H1_9", 2815, -1400, "T", "DIP", "NET4", "", "C", 62.99, 62.99, 41.34, 90],
		[336, "H1_9", 2815, -1400, "B", "DIP", "NET4", "", "C", 62.99, 62.99, 41.34, 90],
		[337, "H1_10", 2815, -1300, "T", "DIP", "NET3", "", "C", 62.99, 62.99, 41.34, 90],
		[338, "H1_10", 2815, -1300, "B", "DIP", "NET3", "", "C", 62.99, 62.99, 41.34, 90],
		[339, "H1_11", 2815, -1200, "T", "DIP", "NET2", "", "C", 62.99, 62.99, 41.34, 90],
		[340, "H1_11", 2815, -1200, "B", "DIP", "NET2", "", "C", 62.99, 62.99, 41.34, 90],
		[341, "H1_12", 2815, -1100, "T", "DIP", "NET1", "", "C", 62.99, 62.99, 41.34, 90],
		[342, "H1_12", 2815, -1100, "B", "DIP", "NET1", "", "C", 62.99, 62.99, 41.34, 90],
		[343, "H1_13", 2815, -1000, "T", "DIP", "$2N2160", "", "C", 62.99, 62.99, 41.34, 90],
		[344, "H1_13", 2815, -1000, "B", "DIP", "$2N2160", "", "C", 62.99, 62.99, 41.34, 90],
		[345, "H1_14", 2815, -900, "T", "DIP", "$2N2156", "", "C", 62.99, 62.99, 41.34, 90],
		[346, "H1_14", 2815, -900, "B", "DIP", "$2N2156", "", "C", 62.99, 62.99, 41.34, 90],
		[347, "H1_15", 2815, -800, "T", "DIP", "TRIGGER", "", "C", 62.99, 62.99, 41.34, 90],
		[348, "H1_15", 2815, -800, "B", "DIP", "TRIGGER", "", "C", 62.99, 62.99, 41.34, 90],
		[349, "H1_16", 2815, -700, "T", "DIP", "$2N2148", "", "C", 62.99, 62.99, 41.34, 90],
		[350, "H1_16", 2815, -700, "B", "DIP", "$2N2148", "", "C", 62.99, 62.99, 41.34, 90],
		[351, "H1_17", 2815, -600, "T", "DIP", "RST_MEGA", "", "C", 62.99, 62.99, 41.34, 90],
		[352, "H1_17", 2815, -600, "B", "DIP", "RST_MEGA", "", "C", 62.99, 62.99, 41.34, 90],
		[353, "H1_18", 2815, -500, "T", "DIP", "$2N2143", "", "C", 62.99, 62.99, 41.34, 90],
		[354, "H1_18", 2815, -500, "B", "DIP", "$2N2143", "", "C", 62.99, 62.99, 41.34, 90],
		[355, "H1_19", 2815, -400, "T", "DIP", "+5V", "", "C", 62.99, 62.99, 41.34, 90],
		[356, "H1_19", 2815, -400, "B", "DIP", "+5V", "", "C", 62.99, 62.99, 41.34, 90],
		[357, "H1_20", 2815, -300, "T", "DIP", "GND", "GND", "C", 62.99, 62.99, 41.34, 90],
		[358, "H1_20", 2815, -300, "B", "DIP", "GND", "GND", "C", 62.99, 62.99, 41.34, 90],
		[359, "H1_21", 2815, -200, "T", "DIP", "VCC", "", "C", 62.99, 62.99, 41.34, 90],
		[360, "H1_21", 2815, -200, "B", "DIP", "VCC", "", "C", 62.99, 62.99, 41.34, 90],
		[361, "H1_22", 2815, -100, "T", "DIP", "VCC", "", "C", 62.99, 62.99, 41.34, 90],
		[362, "H1_22", 2815, -100, "B", "DIP", "VCC", "", "C", 62.99, 62.99, 41.34, 90],
		[363, "H2_1", 2975, -100, "T", "DIP", "VCC", "", "R", 62.99, 62.99, 41.34, 270],
		[364, "H2_1", 2975, -100, "B", "DIP", "VCC", "", "R", 62.99, 62.99, 41.34, 270],
		[365, "H2_2", 2975, -200, "T", "DIP", "VCC", "", "C", 62.99, 62.99, 41.34, 270],
		[366, "H2_2", 2975, -200, "B", "DIP", "VCC", "", "C", 62.99, 62.99, 41.34, 270],
		[367, "H2_3", 2975, -300, "T", "DIP", "GND", "GND", "C", 62.99, 62.99, 41.34, 270],
		[368, "H2_3", 2975, -300, "B", "DIP", "GND", "GND", "C", 62.99, 62.99, 41.34, 270],
		[369, "H2_4", 2975, -400, "T", "DIP", "+5V", "", "C", 62.99, 62.99, 41.34, 270],
		[370, "H2_4", 2975, -400, "B", "DIP", "+5V", "", "C", 62.99, 62.99, 41.34, 270],
		[371, "H2_5", 2975, -500, "T", "DIP", "$2N2143", "", "C", 62.99, 62.99, 41.34, 270],
		[372, "H2_5", 2975, -500, "B", "DIP", "$2N2143", "", "C", 62.99, 62.99, 41.34, 270],
		[373, "H2_6", 2975, -600, "T", "DIP", "$2N2296", "", "C", 62.99, 62.99, 41.34, 270],
		[374, "H2_6", 2975, -600, "B", "DIP", "$2N2296", "", "C", 62.99, 62.99, 41.34, 270],
		[375, "H2_7", 2975, -700, "T", "DIP", "$2N2301", "", "C", 62.99, 62.99, 41.34, 270],
		[376, "H2_7", 2975, -700, "B", "DIP", "$2N2301", "", "C", 62.99, 62.99, 41.34, 270],
		[377, "H2_8", 2975, -800, "T", "DIP", "$2N2306", "", "C", 62.99, 62.99, 41.34, 270],
		[378, "H2_8", 2975, -800, "B", "DIP", "$2N2306", "", "C", 62.99, 62.99, 41.34, 270],
		[379, "H2_9", 2975, -900, "T", "DIP", "$2N2311", "", "C", 62.99, 62.99, 41.34, 270],
		[380, "H2_9", 2975, -900, "B", "DIP", "$2N2311", "", "C", 62.99, 62.99, 41.34, 270],
		[381, "H2_10", 2975, -1000, "T", "DIP", "$2N2316", "", "C", 62.99, 62.99, 41.34, 270],
		[382, "H2_10", 2975, -1000, "B", "DIP", "$2N2316", "", "C", 62.99, 62.99, 41.34, 270],
		[383, "H2_11", 2975, -1100, "T", "DIP", "$2N2321", "", "C", 62.99, 62.99, 41.34, 270],
		[384, "H2_11", 2975, -1100, "B", "DIP", "$2N2321", "", "C", 62.99, 62.99, 41.34, 270],
		[385, "H2_12", 2975, -1200, "T", "DIP", "$2N2326", "", "C", 62.99, 62.99, 41.34, 270],
		[386, "H2_12", 2975, -1200, "B", "DIP", "$2N2326", "", "C", 62.99, 62.99, 41.34, 270],
		[387, "H2_13", 2975, -1300, "T", "DIP", "$2N2341", "", "C", 62.99, 62.99, 41.34, 270],
		[388, "H2_13", 2975, -1300, "B", "DIP", "$2N2341", "", "C", 62.99, 62.99, 41.34, 270],
		[389, "H2_14", 2975, -1400, "T", "DIP", "$2N2337", "", "C", 62.99, 62.99, 41.34, 270],
		[390, "H2_14", 2975, -1400, "B", "DIP", "$2N2337", "", "C", 62.99, 62.99, 41.34, 270],
		[391, "H2_15", 2975, -1500, "T", "DIP", "$2N2346", "", "C", 62.99, 62.99, 41.34, 270],
		[392, "H2_15", 2975, -1500, "B", "DIP", "$2N2346", "", "C", 62.99, 62.99, 41.34, 270],
		[393, "H2_16", 2975, -1600, "T", "DIP", "$2N2264", "", "C", 62.99, 62.99, 41.34, 270],
		[394, "H2_16", 2975, -1600, "B", "DIP", "$2N2264", "", "C", 62.99, 62.99, 41.34, 270],
		[395, "H2_17", 2975, -1700, "T", "DIP", "$2N2259", "", "C", 62.99, 62.99, 41.34, 270],
		[396, "H2_17", 2975, -1700, "B", "DIP", "$2N2259", "", "C", 62.99, 62.99, 41.34, 270],
		[397, "H2_18", 2975, -1800, "T", "DIP", "$2N2254", "", "C", 62.99, 62.99, 41.34, 270],
		[398, "H2_18", 2975, -1800, "B", "DIP", "$2N2254", "", "C", 62.99, 62.99, 41.34, 270],
		[399, "H2_19", 2975, -1900, "T", "DIP", "$2N2249", "", "C", 62.99, 62.99, 41.34, 270],
		[400, "H2_19", 2975, -1900, "B", "DIP", "$2N2249", "", "C", 62.99, 62.99, 41.34, 270],
		[401, "H2_20", 2975, -2000, "T", "DIP", "$2N2244", "", "C", 62.99, 62.99, 41.34, 270],
		[402, "H2_20", 2975, -2000, "B", "DIP", "$2N2244", "", "C", 62.99, 62.99, 41.34, 270],
		[403, "H2_21", 2975, -2100, "T", "DIP", "$2N2239", "", "C", 62.99, 62.99, 41.34, 270],
		[404, "H2_21", 2975, -2100, "B", "DIP", "$2N2239", "", "C", 62.99, 62.99, 41.34, 270],
		[405, "H2_22", 2975, -2200, "T", "DIP", "$2N2235", "", "C", 62.99, 62.99, 41.34, 270],
		[406, "H2_22", 2975, -2200, "B", "DIP", "$2N2235", "", "C", 62.99, 62.99, 41.34, 270],
		[407, "H3_1", 4950, -700, "T", "DIP", "$2N2414", "", "R", 62.99, 62.99, 40.16, 270],
		[408, "H3_1", 4950, -700, "B", "DIP", "$2N2414", "", "R", 62.99, 62.99, 40.16, 270],
		[409, "H3_2", 4950, -800, "T", "DIP", "$2N2412", "", "C", 62.99, 62.99, 40.16, 270],
		[410, "H3_2", 4950, -800, "B", "DIP", "$2N2412", "", "C", 62.99, 62.99, 40.16, 270],
		[411, "H3_3", 4950, -900, "T", "DIP", "$2N2410", "", "C", 62.99, 62.99, 40.16, 270],
		[412, "H3_3", 4950, -900, "B", "DIP", "$2N2410", "", "C", 62.99, 62.99, 40.16, 270],
		[413, "H3_4", 4950, -1000, "T", "DIP", "$2N2408", "", "C", 62.99, 62.99, 40.16, 270],
		[414, "H3_4", 4950, -1000, "B", "DIP", "$2N2408", "", "C", 62.99, 62.99, 40.16, 270],
		[415, "H3_5", 4950, -1100, "T", "DIP", "$2N2406", "", "C", 62.99, 62.99, 40.16, 270],
		[416, "H3_5", 4950, -1100, "B", "DIP", "$2N2406", "", "C", 62.99, 62.99, 40.16, 270],
		[417, "H3_6", 4950, -1200, "T", "DIP", "$2N2404", "", "C", 62.99, 62.99, 40.16, 270],
		[418, "H3_6", 4950, -1200, "B", "DIP", "$2N2404", "", "C", 62.99, 62.99, 40.16, 270],
		[419, "H3_7", 4950, -1300, "T", "DIP", "$2N2402", "", "C", 62.99, 62.99, 40.16, 270],
		[420, "H3_7", 4950, -1300, "B", "DIP", "$2N2402", "", "C", 62.99, 62.99, 40.16, 270],
		[421, "H3_8", 4950, -1400, "T", "DIP", "$2N2400", "", "C", 62.99, 62.99, 40.16, 270],
		[422, "H3_8", 4950, -1400, "B", "DIP", "$2N2400", "", "C", 62.99, 62.99, 40.16, 270],
		[423, "H3_9", 4950, -1500, "T", "DIP", "$2N2398", "", "C", 62.99, 62.99, 40.16, 270],
		[424, "H3_9", 4950, -1500, "B", "DIP", "$2N2398", "", "C", 62.99, 62.99, 40.16, 270],
		[425, "H3_10", 4950, -1600, "T", "DIP", "S1", "", "C", 62.99, 62.99, 40.16, 270],
		[426, "H3_10", 4950, -1600, "B", "DIP", "S1", "", "C", 62.99, 62.99, 40.16, 270],
		[427, "H3_11", 4950, -1700, "T", "DIP", "D1_A", "", "C", 62.99, 62.99, 40.16, 270],
		[428, "H3_11", 4950, -1700, "B", "DIP", "D1_A", "", "C", 62.99, 62.99, 40.16, 270],
		[429, "H3_12", 4950, -1800, "T", "DIP", "D1_B", "", "C", 62.99, 62.99, 40.16, 270],
		[430, "H3_12", 4950, -1800, "B", "DIP", "D1_B", "", "C", 62.99, 62.99, 40.16, 270],
		[431, "H3_13", 4950, -1900, "T", "DIP", "D1_S", "", "C", 62.99, 62.99, 40.16, 270],
		[432, "H3_13", 4950, -1900, "B", "DIP", "D1_S", "", "C", 62.99, 62.99, 40.16, 270],
		[433, "H3_14", 4950, -2000, "T", "DIP", "D2_A", "", "C", 62.99, 62.99, 40.16, 270],
		[434, "H3_14", 4950, -2000, "B", "DIP", "D2_A", "", "C", 62.99, 62.99, 40.16, 270],
		[435, "H3_15", 4950, -2100, "T", "DIP", "D2_B", "", "C", 62.99, 62.99, 40.16, 270],
		[436, "H3_15", 4950, -2100, "B", "DIP", "D2_B", "", "C", 62.99, 62.99, 40.16, 270],
		[437, "H3_16", 4950, -2200, "T", "DIP", "D2_S", "", "C", 62.99, 62.99, 40.16, 270],
		[438, "H3_16", 4950, -2200, "B", "DIP", "D2_S", "", "C", 62.99, 62.99, 40.16, 270],
		[439, "H4_1", 4795, -2200, "T", "DIP", "D4_S", "", "R", 62.99, 62.99, 40.16, 90],
		[440, "H4_1", 4795, -2200, "B", "DIP", "D4_S", "", "R", 62.99, 62.99, 40.16, 90],
		[441, "H4_2", 4795, -2100, "T", "DIP", "D4_B", "", "C", 62.99, 62.99, 40.16, 90],
		[442, "H4_2", 4795, -2100, "B", "DIP", "D4_B", "", "C", 62.99, 62.99, 40.16, 90],
		[443, "H4_3", 4795, -2000, "T", "DIP", "D4_A", "", "C", 62.99, 62.99, 40.16, 90],
		[444, "H4_3", 4795, -2000, "B", "DIP", "D4_A", "", "C", 62.99, 62.99, 40.16, 90],
		[445, "H4_4", 4795, -1900, "T", "DIP", "D3_S", "", "C", 62.99, 62.99, 40.16, 90],
		[446, "H4_4", 4795, -1900, "B", "DIP", "D3_S", "", "C", 62.99, 62.99, 40.16, 90],
		[447, "H4_5", 4795, -1800, "T", "DIP", "D3_B", "", "C", 62.99, 62.99, 40.16, 90],
		[448, "H4_5", 4795, -1800, "B", "DIP", "D3_B", "", "C", 62.99, 62.99, 40.16, 90],
		[449, "H4_6", 4795, -1700, "T", "DIP", "D3_A", "", "C", 62.99, 62.99, 40.16, 90],
		[450, "H4_6", 4795, -1700, "B", "DIP", "D3_A", "", "C", 62.99, 62.99, 40.16, 90],
		[451, "H4_7", 4795, -1600, "T", "DIP", "S2", "", "C", 62.99, 62.99, 40.16, 90],
		[452, "H4_7", 4795, -1600, "B", "DIP", "S2", "", "C", 62.99, 62.99, 40.16, 90],
		[453, "H4_8", 4795, -1500, "T", "DIP", "$2N2368", "", "C", 62.99, 62.99, 40.16, 90],
		[454, "H4_8", 4795, -1500, "B", "DIP", "$2N2368", "", "C", 62.99, 62.99, 40.16, 90],
		[455, "H4_9", 4795, -1400, "T", "DIP", "$2N2366", "", "C", 62.99, 62.99, 40.16, 90],
		[456, "H4_9", 4795, -1400, "B", "DIP", "$2N2366", "", "C", 62.99, 62.99, 40.16, 90],
		[457, "H4_10", 4795, -1300, "T", "DIP", "$2N2364", "", "C", 62.99, 62.99, 40.16, 90],
		[458, "H4_10", 4795, -1300, "B", "DIP", "$2N2364", "", "C", 62.99, 62.99, 40.16, 90],
		[459, "H4_11", 4795, -1200, "T", "DIP", "$2N2362", "", "C", 62.99, 62.99, 40.16, 90],
		[460, "H4_11", 4795, -1200, "B", "DIP", "$2N2362", "", "C", 62.99, 62.99, 40.16, 90],
		[461, "H4_12", 4795, -1100, "T", "DIP", "$2N2360", "", "C", 62.99, 62.99, 40.16, 90],
		[462, "H4_12", 4795, -1100, "B", "DIP", "$2N2360", "", "C", 62.99, 62.99, 40.16, 90],
		[463, "H4_13", 4795, -1000, "T", "DIP", "$2N2358", "", "C", 62.99, 62.99, 40.16, 90],
		[464, "H4_13", 4795, -1000, "B", "DIP", "$2N2358", "", "C", 62.99, 62.99, 40.16, 90],
		[465, "H4_14", 4795, -900, "T", "DIP", "$2N2356", "", "C", 62.99, 62.99, 40.16, 90],
		[466, "H4_14", 4795, -900, "B", "DIP", "$2N2356", "", "C", 62.99, 62.99, 40.16, 90],
		[467, "H4_15", 4795, -800, "T", "DIP", "$2N2354", "", "C", 62.99, 62.99, 40.16, 90],
		[468, "H4_15", 4795, -800, "B", "DIP", "$2N2354", "", "C", 62.99, 62.99, 40.16, 90],
		[469, "H4_16", 4795, -700, "T", "DIP", "$2N2352", "", "C", 62.99, 62.99, 40.16, 90],
		[470, "H4_16", 4795, -700, "B", "DIP", "$2N2352", "", "C", 62.99, 62.99, 40.16, 90],
		[471, "R1_1", 1770.34, -2655, "T", "SMD", "$1N1512", "", "R", 31.75, 34.02, 0, 0],
		[472, "R1_2", 1829.66, -2655, "T", "SMD", "$1N2904", "", "R", 31.75, 34.02, 0, 0],
		[473, "R2_1", 1594.66, -3100, "T", "SMD", "GND", "GND", "R", 31.75, 34.02, 0, 180],
		[474, "R2_2", 1535.34, -3100, "T", "SMD", "$1N3872", "", "R", 31.75, 34.02, 0, 180],
		[475, "R3_1", 1535.34, -3195, "T", "SMD", "$1N3872", "", "R", 31.75, 34.02, 0, 0],
		[476, "R3_2", 1594.66, -3195, "T", "SMD", "VCC", "", "R", 31.75, 34.02, 0, 0],
		[477, "R4_1", 2990, -2544.66, "T", "SMD", "$2N2537", "", "R", 31.75, 34.02, 0, 90],
		[478, "R4_2", 2990, -2485.34, "T", "SMD", "VCC", "", "R", 31.75, 34.02, 0, 90],
		[479, "R5_1", 3175, -3079.66, "T", "SMD", "$2N3833", "", "R", 31.75, 34.02, 0, 90],
		[480, "R5_2", 3175, -3020.34, "T", "SMD", "VCC", "", "R", 31.75, 34.02, 0, 90],
		[481, "U1_1", 2315, -1710, "T", "DIP", "$1N1512", "", "R", 62.99, 62.99, 35.43, 270],
		[482, "U1_1", 2315, -1710, "B", "DIP", "$1N1512", "", "R", 62.99, 62.99, 35.43, 270],
		[483, "U1_2", 2315, -1610, "T", "DIP", "$1N1507", "", "C", 62.99, 62.99, 35.43, 270],
		[484, "U1_2", 2315, -1610, "B", "DIP", "$1N1507", "", "C", 62.99, 62.99, 35.43, 270],
		[485, "U1_3", 2315, -1510, "T", "DIP", "RST_MEGA", "", "C", 62.99, 62.99, 35.43, 270],
		[486, "U1_3", 2315, -1510, "B", "DIP", "RST_MEGA", "", "C", 62.99, 62.99, 35.43, 270],
		[487, "U1_4", 2315, -1410, "T", "DIP", "$1N1497", "", "C", 62.99, 62.99, 35.43, 270],
		[488, "U1_4", 2315, -1410, "B", "DIP", "$1N1497", "", "C", 62.99, 62.99, 35.43, 270],
		[489, "U1_5", 2315, -1310, "T", "DIP", "$1N1492", "", "C", 62.99, 62.99, 35.43, 270],
		[490, "U1_5", 2315, -1310, "B", "DIP", "$1N1492", "", "C", 62.99, 62.99, 35.43, 270],
		[491, "U1_6", 2315, -1210, "T", "DIP", "$1N1487", "", "C", 62.99, 62.99, 35.43, 270],
		[492, "U1_6", 2315, -1210, "B", "DIP", "$1N1487", "", "C", 62.99, 62.99, 35.43, 270],
		[493, "U1_7", 2315, -1110, "T", "DIP", "$1N1482", "", "C", 62.99, 62.99, 35.43, 270],
		[494, "U1_7", 2315, -1110, "B", "DIP", "$1N1482", "", "C", 62.99, 62.99, 35.43, 270],
		[495, "U1_8", 2315, -1010, "T", "DIP", "$1N1477", "", "C", 62.99, 62.99, 35.43, 270],
		[496, "U1_8", 2315, -1010, "B", "DIP", "$1N1477", "", "C", 62.99, 62.99, 35.43, 270],
		[497, "U1_9", 2315, -910, "T", "DIP", "$1N1472", "", "C", 62.99, 62.99, 35.43, 270],
		[498, "U1_9", 2315, -910, "B", "DIP", "$1N1472", "", "C", 62.99, 62.99, 35.43, 270],
		[499, "U1_10", 2315, -810, "T", "DIP", "$1N1468", "", "C", 62.99, 62.99, 35.43, 270],
		[500, "U1_10", 2315, -810, "B", "DIP", "$1N1468", "", "C", 62.99, 62.99, 35.43, 270],
		[501, "U1_11", 2315, -710, "T", "DIP", "TRIGGER", "", "C", 62.99, 62.99, 35.43, 270],
		[502, "U1_11", 2315, -710, "B", "DIP", "TRIGGER", "", "C", 62.99, 62.99, 35.43, 270],
		[503, "U1_12", 2315, -610, "T", "DIP", "$1N1455", "", "C", 62.99, 62.99, 35.43, 270],
		[504, "U1_12", 2315, -610, "B", "DIP", "$1N1455", "", "C", 62.99, 62.99, 35.43, 270],
		[505, "U1_13", 2315, -510, "T", "DIP", "$1N1450", "", "C", 62.99, 62.99, 35.43, 270],
		[506, "U1_13", 2315, -510, "B", "DIP", "$1N1450", "", "C", 62.99, 62.99, 35.43, 270],
		[507, "U1_14", 2315, -410, "T", "DIP", "$1N1445", "", "C", 62.99, 62.99, 35.43, 270],
		[508, "U1_14", 2315, -410, "B", "DIP", "$1N1445", "", "C", 62.99, 62.99, 35.43, 270],
		[509, "U1_15", 2315, -310, "T", "DIP", "$1N1440", "", "C", 62.99, 62.99, 35.43, 270],
		[510, "U1_15", 2315, -310, "B", "DIP", "$1N1440", "", "C", 62.99, 62.99, 35.43, 270],
		[511, "U1_16", 1715, -310, "T", "DIP", "$1N1435", "", "C", 62.99, 62.99, 35.43, 270],
		[512, "U1_16", 1715, -310, "B", "DIP", "$1N1435", "", "C", 62.99, 62.99, 35.43, 270],
		[513, "U1_17", 1715, -410, "T", "DIP", "+3.3V", "", "C", 62.99, 62.99, 35.43, 270],
		[514, "U1_17", 1715, -410, "B", "DIP", "+3.3V", "", "C", 62.99, 62.99, 35.43, 270],
		[515, "U1_18", 1715, -510, "T", "DIP", "$1N1425", "", "C", 62.99, 62.99, 35.43, 270],
		[516, "U1_18", 1715, -510, "B", "DIP", "$1N1425", "", "C", 62.99, 62.99, 35.43, 270],
		[517, "U1_19", 1715, -610, "T", "DIP", "$1N1420", "", "C", 62.99, 62.99, 35.43, 270],
		[518, "U1_19", 1715, -610, "B", "DIP", "$1N1420", "", "C", 62.99, 62.99, 35.43, 270],
		[519, "U1_20", 1715, -710, "T", "DIP", "$1N1415", "", "C", 62.99, 62.99, 35.43, 270],
		[520, "U1_20", 1715, -710, "B", "DIP", "$1N1415", "", "C", 62.99, 62.99, 35.43, 270],
		[521, "U1_21", 1715, -810, "T", "DIP", "$1N1410", "", "C", 62.99, 62.99, 35.43, 270],
		[522, "U1_21", 1715, -810, "B", "DIP", "$1N1410", "", "C", 62.99, 62.99, 35.43, 270],
		[523, "U1_22", 1715, -910, "T", "DIP", "$1N1405", "", "C", 62.99, 62.99, 35.43, 270],
		[524, "U1_22", 1715, -910, "B", "DIP", "$1N1405", "", "C", 62.99, 62.99, 35.43, 270],
		[525, "U1_23", 1715, -1010, "T", "DIP", "$1N1400", "", "C", 62.99, 62.99, 35.43, 270],
		[526, "U1_23", 1715, -1010, "B", "DIP", "$1N1400", "", "C", 62.99, 62.99, 35.43, 270],
		[527, "U1_24", 1715, -1110, "T", "DIP", "$1N1395", "", "C", 62.99, 62.99, 35.43, 270],
		[528, "U1_24", 1715, -1110, "B", "DIP", "$1N1395", "", "C", 62.99, 62.99, 35.43, 270],
		[529, "U1_25", 1715, -1210, "T", "DIP", "$1N1390", "", "C", 62.99, 62.99, 35.43, 270],
		[530, "U1_25", 1715, -1210, "B", "DIP", "$1N1390", "", "C", 62.99, 62.99, 35.43, 270],
		[531, "U1_26", 1715, -1310, "T", "DIP", "$1N1386", "", "C", 62.99, 62.99, 35.43, 270],
		[532, "U1_26", 1715, -1310, "B", "DIP", "$1N1386", "", "C", 62.99, 62.99, 35.43, 270],
		[533, "U1_27", 1715, -1410, "T", "DIP", "+5V", "", "C", 62.99, 62.99, 35.43, 270],
		[534, "U1_27", 1715, -1410, "B", "DIP", "+5V", "", "C", 62.99, 62.99, 35.43, 270],
		[535, "U1_28", 1715, -1510, "T", "DIP", "$1N1361", "", "C", 62.99, 62.99, 35.43, 270],
		[536, "U1_28", 1715, -1510, "B", "DIP", "$1N1361", "", "C", 62.99, 62.99, 35.43, 270],
		[537, "U1_29", 1715, -1610, "T", "DIP", "GND", "GND", "C", 62.99, 62.99, 35.43, 270],
		[538, "U1_29", 1715, -1610, "B", "DIP", "GND", "GND", "C", 62.99, 62.99, 35.43, 270],
		[539, "U1_30", 1715, -1710, "T", "DIP", "VCC", "", "R", 62.99, 62.99, 35.43, 270],
		[540, "U1_30", 1715, -1710, "B", "DIP", "VCC", "", "R", 62.99, 62.99, 35.43, 270],
		[541, "U6_1", 1930, -2555, "T", "DIP", "+3.3V", "", "R", 70, 70, 36, 0],
		[542, "U6_1", 1930, -2555, "B", "DIP", "+3.3V", "", "R", 70, 70, 36, 0],
		[543, "U6_2", 1930, -2655, "T", "DIP", "$1N2904", "", "C", 70, 70, 36, 0],
		[544, "U6_2", 1930, -2655, "B", "DIP", "$1N2904", "", "C", 70, 70, 36, 0],
		[545, "U6_3", 1930, -2755, "T", "DIP", "$1N1507", "", "C", 70, 70, 36, 0],
		[546, "U6_3", 1930, -2755, "B", "DIP", "$1N1507", "", "C", 70, 70, 36, 0],
		[547, "U6_4", 1930, -2855, "T", "DIP", "U6_4", "", "C", 70, 70, 36, 0],
		[548, "U6_4", 1930, -2855, "B", "DIP", "U6_4", "", "C", 70, 70, 36, 0],
		[549, "U6_5", 1930, -2955, "T", "DIP", "U6_5", "", "C", 70, 70, 36, 0],
		[550, "U6_5", 1930, -2955, "B", "DIP", "U6_5", "", "C", 70, 70, 36, 0],
		[551, "U6_6", 1930, -3055, "T", "DIP", "$1N3581", "", "C", 70, 70, 36, 0],
		[552, "U6_6", 1930, -3055, "B", "DIP", "$1N3581", "", "C", 70, 70, 36, 0],
		[553, "U6_7", 1930, -3155, "T", "DIP", "GND", "GND", "C", 70, 70, 36, 0],
		[554, "U6_7", 1930, -3155, "B", "DIP", "GND", "GND", "C", 70, 70, 36, 0],
		[555, "U6_8", 1930, -3255, "T", "DIP", "$1N3703", "", "C", 70, 70, 36, 0],
		[556, "U6_8", 1930, -3255, "B", "DIP", "$1N3703", "", "C", 70, 70, 36, 0],
		[557, "U6_9", 2630, -3255, "T", "DIP", "U6_9", "", "C", 70, 70, 36, 0],
		[558, "U6_9", 2630, -3255, "B", "DIP", "U6_9", "", "C", 70, 70, 36, 0],
		[559, "U6_10", 2630, -3155, "T", "DIP", "GND", "GND", "C", 70, 70, 36, 0],
		[560, "U6_10", 2630, -3155, "B", "DIP", "GND", "GND", "C", 70, 70, 36, 0],
		[561, "U6_11", 2630, -3055, "T", "DIP", "U6_11", "", "C", 70, 70, 36, 0],
		[562, "U6_11", 2630, -3055, "B", "DIP", "U6_11", "", "C", 70, 70, 36, 0],
		[563, "U6_12", 2630, -2955, "T", "DIP", "U6_12", "", "C", 70, 70, 36, 0],
		[564, "U6_12", 2630, -2955, "B", "DIP", "U6_12", "", "C", 70, 70, 36, 0],
		[565, "U6_13", 2630, -2855, "T", "DIP", "U6_13", "", "C", 70, 70, 36, 0],
		[566, "U6_13", 2630, -2855, "B", "DIP", "U6_13", "", "C", 70, 70, 36, 0],
		[567, "U6_14", 2630, -2755, "T", "DIP", "U6_14", "", "C", 70, 70, 36, 0],
		[568, "U6_14", 2630, -2755, "B", "DIP", "U6_14", "", "C", 70, 70, 36, 0],
		[569, "U6_15", 2630, -2655, "T", "DIP", "U6_15", "", "C", 70, 70, 36, 0],
		[570, "U6_15", 2630, -2655, "B", "DIP", "U6_15", "", "C", 70, 70, 36, 0],
		[571, "U6_16", 2630, -2555, "T", "DIP", "U6_16", "", "C", 70, 70, 36, 0],
		[572, "U6_16", 2630, -2555, "B", "DIP", "U6_16", "", "C", 70, 70, 36, 0],
		[573, "U7_1", 1076.58, -2165, "T", "DIP", "+3.3V", "", "C", 82.68, 82.68, 47.24, 0],
		[574, "U7_1", 1076.58, -2165, "B", "DIP", "+3.3V", "", "C", 82.68, 82.68, 47.24, 0],
		[575, "U7_2", 1273.42, -2165, "T", "DIP", "GND", "GND", "C", 82.68, 82.68, 47.24, 0],
		[576, "U7_2", 1273.42, -2165, "B", "DIP", "GND", "GND", "C", 82.68, 82.68, 47.24, 0],
		[577, "U8_1", 1304.13, -3280, "T", "DIP", "$1N3866", "", "R", 78.74, 62.99, 51.18, 90],
		[578, "U8_1", 1304.13, -3280, "B", "DIP", "$1N3866", "", "R", 78.74, 62.99, 51.18, 90],
		[579, "U8_2", 1104.13, -3230, "T", "DIP", "$1N3859", "", "C", 78.74, 78.74, 51.18, 90],
		[580, "U8_2", 1104.13, -3230, "B", "DIP", "$1N3859", "", "C", 78.74, 78.74, 51.18, 90],
		[581, "U8_3", 1304.13, -3180, "T", "DIP", "VCC", "", "C", 78.74, 78.74, 51.18, 90],
		[582, "U8_3", 1304.13, -3180, "B", "DIP", "VCC", "", "C", 78.74, 78.74, 51.18, 90],
		[583, "U8_4", 1104.13, -3130, "T", "DIP", "$1N3694", "", "C", 78.74, 78.74, 51.18, 90],
		[584, "U8_4", 1104.13, -3130, "B", "DIP", "$1N3694", "", "C", 78.74, 78.74, 51.18, 90],
		[585, "U8_5", 1304.13, -3080, "T", "DIP", "U8_5", "", "C", 78.74, 78.74, 51.18, 90],
		[586, "U8_5", 1304.13, -3080, "B", "DIP", "U8_5", "", "C", 78.74, 78.74, 51.18, 90],
		[587, "U8_6", 1104.13, -3030, "T", "DIP", "$1N3872", "", "C", 78.74, 78.74, 51.18, 90],
		[588, "U8_6", 1104.13, -3030, "B", "DIP", "$1N3872", "", "C", 78.74, 78.74, 51.18, 90],
		[589, "U8_7", 1304.13, -2980, "T", "DIP", "$1N3872", "", "C", 78.74, 78.74, 51.18, 90],
		[590, "U8_7", 1304.13, -2980, "B", "DIP", "$1N3872", "", "C", 78.74, 78.74, 51.18, 90],
		[591, "U8_8", 1104.13, -2930, "T", "DIP", "GND", "GND", "C", 78.74, 78.74, 51.18, 90],
		[592, "U8_8", 1104.13, -2930, "B", "DIP", "GND", "GND", "C", 78.74, 78.74, 51.18, 90],
		[593, "U8_9", 1304.13, -2880, "T", "DIP", "GND", "GND", "C", 78.74, 78.74, 51.18, 90],
		[594, "U8_9", 1304.13, -2880, "B", "DIP", "GND", "GND", "C", 78.74, 78.74, 51.18, 90],
		[595, "U8_10", 1104.13, -2830, "T", "DIP", "U8_10", "", "C", 78.74, 78.74, 51.18, 90],
		[596, "U8_10", 1104.13, -2830, "B", "DIP", "U8_10", "", "C", 78.74, 78.74, 51.18, 90],
		[597, "U8_11", 1304.13, -2780, "T", "DIP", "U8_11", "", "C", 78.74, 78.74, 51.18, 90],
		[598, "U8_11", 1304.13, -2780, "B", "DIP", "U8_11", "", "C", 78.74, 78.74, 51.18, 90],
		[599, "U8_12", 1104.13, -2730, "T", "DIP", "$1N3698", "", "C", 78.74, 78.74, 51.18, 90],
		[600, "U8_12", 1104.13, -2730, "B", "DIP", "$1N3698", "", "C", 78.74, 78.74, 51.18, 90],
		[601, "U8_13", 1304.13, -2680, "T", "DIP", "VCC", "", "C", 78.74, 78.74, 51.18, 90],
		[602, "U8_13", 1304.13, -2680, "B", "DIP", "VCC", "", "C", 78.74, 78.74, 51.18, 90],
		[603, "U8_14", 1104.13, -2630, "T", "DIP", "$1N3849", "", "C", 78.74, 78.74, 51.18, 90],
		[604, "U8_14", 1104.13, -2630, "B", "DIP", "$1N3849", "", "C", 78.74, 78.74, 51.18, 90],
		[605, "U8_15", 1304.13, -2580, "T", "DIP", "$1N3844", "", "C", 78.74, 78.74, 51.18, 90],
		[606, "U8_15", 1304.13, -2580, "B", "DIP", "$1N3844", "", "C", 78.74, 78.74, 51.18, 90],
		[607, "U9_1", 1494.63, -2940, "T", "SMD", "$1N3872", "", "R", 110.24, 43.31, 0, 0],
		[608, "U9_2", 1625.38, -2940, "T", "SMD", "GND", "GND", "R", 110.24, 43.31, 0, 0],
		[609, "U10_1", 2505, -310, "T", "DIP", "$1N1440", "", "R", 62.99, 62.99, 41.34, 270],
		[610, "U10_1", 2505, -310, "B", "DIP", "$1N1440", "", "R", 62.99, 62.99, 41.34, 270],
		[611, "U10_2", 2505, -410, "T", "DIP", "$1N1445", "", "C", 62.99, 62.99, 41.34, 270],
		[612, "U10_2", 2505, -410, "B", "DIP", "$1N1445", "", "C", 62.99, 62.99, 41.34, 270],
		[613, "U10_3", 2505, -510, "T", "DIP", "$1N1450", "", "C", 62.99, 62.99, 41.34, 270],
		[614, "U10_3", 2505, -510, "B", "DIP", "$1N1450", "", "C", 62.99, 62.99, 41.34, 270],
		[615, "U10_4", 2505, -610, "T", "DIP", "$1N1455", "", "C", 62.99, 62.99, 41.34, 270],
		[616, "U10_4", 2505, -610, "B", "DIP", "$1N1455", "", "C", 62.99, 62.99, 41.34, 270],
		[617, "U10_5", 2505, -710, "T", "DIP", "TRIGGER", "", "C", 62.99, 62.99, 41.34, 270],
		[618, "U10_5", 2505, -710, "B", "DIP", "TRIGGER", "", "C", 62.99, 62.99, 41.34, 270],
		[619, "U10_6", 2505, -810, "T", "DIP", "$1N1468", "", "C", 62.99, 62.99, 41.34, 270],
		[620, "U10_6", 2505, -810, "B", "DIP", "$1N1468", "", "C", 62.99, 62.99, 41.34, 270],
		[621, "U10_7", 2505, -910, "T", "DIP", "$1N1472", "", "C", 62.99, 62.99, 41.34, 270],
		[622, "U10_7", 2505, -910, "B", "DIP", "$1N1472", "", "C", 62.99, 62.99, 41.34, 270],
		[623, "U10_8", 2505, -1010, "T", "DIP", "$1N1477", "", "C", 62.99, 62.99, 41.34, 270],
		[624, "U10_8", 2505, -1010, "B", "DIP", "$1N1477", "", "C", 62.99, 62.99, 41.34, 270],
		[625, "U10_9", 2505, -1110, "T", "DIP", "$1N1482", "", "C", 62.99, 62.99, 41.34, 270],
		[626, "U10_9", 2505, -1110, "B", "DIP", "$1N1482", "", "C", 62.99, 62.99, 41.34, 270],
		[627, "U10_10", 2505, -1210, "T", "DIP", "$1N1487", "", "C", 62.99, 62.99, 41.34, 270],
		[628, "U10_10", 2505, -1210, "B", "DIP", "$1N1487", "", "C", 62.99, 62.99, 41.34, 270],
		[629, "U10_11", 2505, -1310, "T", "DIP", "$1N1492", "", "C", 62.99, 62.99, 41.34, 270],
		[630, "U10_11", 2505, -1310, "B", "DIP", "$1N1492", "", "C", 62.99, 62.99, 41.34, 270],
		[631, "U10_12", 2505, -1410, "T", "DIP", "$1N1497", "", "C", 62.99, 62.99, 41.34, 270],
		[632, "U10_12", 2505, -1410, "B", "DIP", "$1N1497", "", "C", 62.99, 62.99, 41.34, 270],
		[633, "U10_13", 2505, -1510, "T", "DIP", "RST_MEGA", "", "C", 62.99, 62.99, 41.34, 270],
		[634, "U10_13", 2505, -1510, "B", "DIP", "RST_MEGA", "", "C", 62.99, 62.99, 41.34, 270],
		[635, "U10_14", 2505, -1610, "T", "DIP", "$1N1507", "", "C", 62.99, 62.99, 41.34, 270],
		[636, "U10_14", 2505, -1610, "B", "DIP", "$1N1507", "", "C", 62.99, 62.99, 41.34, 270],
		[637, "U10_15", 2505, -1710, "T", "DIP", "$1N1512", "", "C", 62.99, 62.99, 41.34, 270],
		[638, "U10_15", 2505, -1710, "B", "DIP", "$1N1512", "", "C", 62.99, 62.99, 41.34, 270],
		[639, "U11_1", 1530, -1710, "T", "DIP", "VCC", "", "R", 62.99, 62.99, 41.34, 90],
		[640, "U11_1", 1530, -1710, "B", "DIP", "VCC", "", "R", 62.99, 62.99, 41.34, 90],
		[641, "U11_2", 1530, -1610, "T", "DIP", "GND", "GND", "C", 62.99, 62.99, 41.34, 90],
		[642, "U11_2", 1530, -1610, "B", "DIP", "GND", "GND", "C", 62.99, 62.99, 41.34, 90],
		[643, "U11_3", 1530, -1510, "T", "DIP", "$1N1361", "", "C", 62.99, 62.99, 41.34, 90],
		[644, "U11_3", 1530, -1510, "B", "DIP", "$1N1361", "", "C", 62.99, 62.99, 41.34, 90],
		[645, "U11_4", 1530, -1410, "T", "DIP", "+5V", "", "C", 62.99, 62.99, 41.34, 90],
		[646, "U11_4", 1530, -1410, "B", "DIP", "+5V", "", "C", 62.99, 62.99, 41.34, 90],
		[647, "U11_5", 1530, -1310, "T", "DIP", "$1N1386", "", "C", 62.99, 62.99, 41.34, 90],
		[648, "U11_5", 1530, -1310, "B", "DIP", "$1N1386", "", "C", 62.99, 62.99, 41.34, 90],
		[649, "U11_6", 1530, -1210, "T", "DIP", "$1N1390", "", "C", 62.99, 62.99, 41.34, 90],
		[650, "U11_6", 1530, -1210, "B", "DIP", "$1N1390", "", "C", 62.99, 62.99, 41.34, 90],
		[651, "U11_7", 1530, -1110, "T", "DIP", "$1N1395", "", "C", 62.99, 62.99, 41.34, 90],
		[652, "U11_7", 1530, -1110, "B", "DIP", "$1N1395", "", "C", 62.99, 62.99, 41.34, 90],
		[653, "U11_8", 1530, -1010, "T", "DIP", "$1N1400", "", "C", 62.99, 62.99, 41.34, 90],
		[654, "U11_8", 1530, -1010, "B", "DIP", "$1N1400", "", "C", 62.99, 62.99, 41.34, 90],
		[655, "U11_9", 1530, -910, "T", "DIP", "$1N1405", "", "C", 62.99, 62.99, 41.34, 90],
		[656, "U11_9", 1530, -910, "B", "DIP", "$1N1405", "", "C", 62.99, 62.99, 41.34, 90],
		[657, "U11_10", 1530, -810, "T", "DIP", "$1N1410", "", "C", 62.99, 62.99, 41.34, 90],
		[658, "U11_10", 1530, -810, "B", "DIP", "$1N1410", "", "C", 62.99, 62.99, 41.34, 90],
		[659, "U11_11", 1530, -710, "T", "DIP", "$1N1415", "", "C", 62.99, 62.99, 41.34, 90],
		[660, "U11_11", 1530, -710, "B", "DIP", "$1N1415", "", "C", 62.99, 62.99, 41.34, 90],
		[661, "U11_12", 1530, -610, "T", "DIP", "$1N1420", "", "C", 62.99, 62.99, 41.34, 90],
		[662, "U11_12", 1530, -610, "B", "DIP", "$1N1420", "", "C", 62.99, 62.99, 41.34, 90],
		[663, "U11_13", 1530, -510, "T", "DIP", "$1N1425", "", "C", 62.99, 62.99, 41.34, 90],
		[664, "U11_13", 1530, -510, "B", "DIP", "$1N1425", "", "C", 62.99, 62.99, 41.34, 90],
		[665, "U11_14", 1530, -410, "T", "DIP", "+3.3V", "", "C", 62.99, 62.99, 41.34, 90],
		[666, "U11_14", 1530, -410, "B", "DIP", "+3.3V", "", "C", 62.99, 62.99, 41.34, 90],
		[667, "U11_15", 1530, -310, "T", "DIP", "$1N1435", "", "C", 62.99, 62.99, 41.34, 90],
		[668, "U11_15", 1530, -310, "B", "DIP", "$1N1435", "", "C", 62.99, 62.99, 41.34, 90],
		[669, "U12_1", 1469.88, -2515.01, "T", "SMD", "VCC", "", "R", 137.79, 47.24, 0, 0],
		[670, "U12_2", 1680.11, -2515.01, "T", "SMD", "GND", "GND", "R", 137.79, 47.24, 0, 0],
		[671, "U13_1", 3210, -200, "T", "DIP", "VCC", "", "C", 62.99, 62.99, 39.37, 0],
		[672, "U13_1", 3210, -200, "B", "DIP", "VCC", "", "C", 62.99, 62.99, 39.37, 0],
		[673, "U13_2", 3210, -300, "T", "DIP", "GND", "GND", "C", 62.99, 62.99, 39.37, 0],
		[674, "U13_2", 3210, -300, "B", "DIP", "GND", "GND", "C", 62.99, 62.99, 39.37, 0],
		[675, "U13_3", 3210, -400, "T", "DIP", "+5V", "", "C", 62.99, 62.99, 39.37, 0],
		[676, "U13_3", 3210, -400, "B", "DIP", "+5V", "", "C", 62.99, 62.99, 39.37, 0],
		[677, "U13_4", 3210, -500, "T", "DIP", "$2N2143", "", "C", 62.99, 62.99, 39.37, 0],
		[678, "U13_4", 3210, -500, "B", "DIP", "$2N2143", "", "C", 62.99, 62.99, 39.37, 0],
		[679, "U13_5", 3210, -600, "T", "DIP", "RST_MEGA", "", "C", 62.99, 62.99, 39.37, 0],
		[680, "U13_5", 3210, -600, "B", "DIP", "RST_MEGA", "", "C", 62.99, 62.99, 39.37, 0],
		[681, "U13_6", 3210, -700, "T", "DIP", "$2N2148", "", "C", 62.99, 62.99, 39.37, 0],
		[682, "U13_6", 3210, -700, "B", "DIP", "$2N2148", "", "C", 62.99, 62.99, 39.37, 0],
		[683, "U13_7", 3210, -800, "T", "DIP", "TRIGGER", "", "C", 62.99, 62.99, 39.37, 0],
		[684, "U13_7", 3210, -800, "B", "DIP", "TRIGGER", "", "C", 62.99, 62.99, 39.37, 0],
		[685, "U13_8", 3210, -900, "T", "DIP", "$2N2156", "", "C", 62.99, 62.99, 39.37, 0],
		[686, "U13_8", 3210, -900, "B", "DIP", "$2N2156", "", "C", 62.99, 62.99, 39.37, 0],
		[687, "U13_9", 3210, -1000, "T", "DIP", "$2N2160", "", "C", 62.99, 62.99, 39.37, 0],
		[688, "U13_9", 3210, -1000, "B", "DIP", "$2N2160", "", "C", 62.99, 62.99, 39.37, 0],
		[689, "U13_10", 3210, -1100, "T", "DIP", "NET1", "", "C", 62.99, 62.99, 39.37, 0],
		[690, "U13_10", 3210, -1100, "B", "DIP", "NET1", "", "C", 62.99, 62.99, 39.37, 0],
		[691, "U13_11", 3210, -1200, "T", "DIP", "NET2", "", "C", 62.99, 62.99, 39.37, 0],
		[692, "U13_11", 3210, -1200, "B", "DIP", "NET2", "", "C", 62.99, 62.99, 39.37, 0],
		[693, "U13_12", 3210, -1300, "T", "DIP", "NET3", "", "C", 62.99, 62.99, 39.37, 0],
		[694, "U13_12", 3210, -1300, "B", "DIP", "NET3", "", "C", 62.99, 62.99, 39.37, 0],
		[695, "U13_13", 3210, -1400, "T", "DIP", "NET4", "", "C", 62.99, 62.99, 39.37, 0],
		[696, "U13_13", 3210, -1400, "B", "DIP", "NET4", "", "C", 62.99, 62.99, 39.37, 0],
		[697, "U13_14", 3210, -1500, "T", "DIP", "NET5", "", "C", 62.99, 62.99, 39.37, 0],
		[698, "U13_14", 3210, -1500, "B", "DIP", "NET5", "", "C", 62.99, 62.99, 39.37, 0],
		[699, "U13_15", 3210, -1600, "T", "DIP", "NET6", "", "C", 62.99, 62.99, 39.37, 0],
		[700, "U13_15", 3210, -1600, "B", "DIP", "NET6", "", "C", 62.99, 62.99, 39.37, 0],
		[701, "U13_16", 3210, -1700, "T", "DIP", "NET7", "", "C", 62.99, 62.99, 39.37, 0],
		[702, "U13_16", 3210, -1700, "B", "DIP", "NET7", "", "C", 62.99, 62.99, 39.37, 0],
		[703, "U13_17", 3210, -1800, "T", "DIP", "NET8", "", "C", 62.99, 62.99, 39.37, 0],
		[704, "U13_17", 3210, -1800, "B", "DIP", "NET8", "", "C", 62.99, 62.99, 39.37, 0],
		[705, "U13_18", 3210, -1900, "T", "DIP", "NET9", "", "C", 62.99, 62.99, 39.37, 0],
		[706, "U13_18", 3210, -1900, "B", "DIP", "NET9", "", "C", 62.99, 62.99, 39.37, 0],
		[707, "U13_19", 3210, -2000, "T", "DIP", "NET10", "", "C", 62.99, 62.99, 39.37, 0],
		[708, "U13_19", 3210, -2000, "B", "DIP", "NET10", "", "C", 62.99, 62.99, 39.37, 0],
		[709, "U13_20", 3210, -2100, "T", "DIP", "NET11", "", "C", 62.99, 62.99, 39.37, 0],
		[710, "U13_20", 3210, -2100, "B", "DIP", "NET11", "", "C", 62.99, 62.99, 39.37, 0],
		[711, "U13_21", 3210, -2200, "T", "DIP", "NET12", "", "C", 62.99, 62.99, 39.37, 0],
		[712, "U13_21", 3210, -2200, "B", "DIP", "NET12", "", "C", 62.99, 62.99, 39.37, 0],
		[713, "U13_22", 3310, -2200, "T", "DIP", "$2N2235", "", "C", 62.99, 62.99, 39.37, 0],
		[714, "U13_22", 3310, -2200, "B", "DIP", "$2N2235", "", "C", 62.99, 62.99, 39.37, 0],
		[715, "U13_23", 3310, -2100, "T", "DIP", "$2N2239", "", "C", 62.99, 62.99, 39.37, 0],
		[716, "U13_23", 3310, -2100, "B", "DIP", "$2N2239", "", "C", 62.99, 62.99, 39.37, 0],
		[717, "U13_24", 3310, -2000, "T", "DIP", "$2N2244", "", "C", 62.99, 62.99, 39.37, 0],
		[718, "U13_24", 3310, -2000, "B", "DIP", "$2N2244", "", "C", 62.99, 62.99, 39.37, 0],
		[719, "U13_25", 3310, -1900, "T", "DIP", "$2N2249", "", "C", 62.99, 62.99, 39.37, 0],
		[720, "U13_25", 3310, -1900, "B", "DIP", "$2N2249", "", "C", 62.99, 62.99, 39.37, 0],
		[721, "U13_26", 3310, -1800, "T", "DIP", "$2N2254", "", "C", 62.99, 62.99, 39.37, 0],
		[722, "U13_26", 3310, -1800, "B", "DIP", "$2N2254", "", "C", 62.99, 62.99, 39.37, 0],
		[723, "U13_27", 3310, -1700, "T", "DIP", "$2N2259", "", "C", 62.99, 62.99, 39.37, 0],
		[724, "U13_27", 3310, -1700, "B", "DIP", "$2N2259", "", "C", 62.99, 62.99, 39.37, 0],
		[725, "U13_28", 3310, -1600, "T", "DIP", "$2N2264", "", "C", 62.99, 62.99, 39.37, 0],
		[726, "U13_28", 3310, -1600, "B", "DIP", "$2N2264", "", "C", 62.99, 62.99, 39.37, 0],
		[727, "U13_29", 3310, -1500, "T", "DIP", "$2N2346", "", "C", 62.99, 62.99, 39.37, 0],
		[728, "U13_29", 3310, -1500, "B", "DIP", "$2N2346", "", "C", 62.99, 62.99, 39.37, 0],
		[729, "U13_30", 3310, -1400, "T", "DIP", "$2N2337", "", "C", 62.99, 62.99, 39.37, 0],
		[730, "U13_30", 3310, -1400, "B", "DIP", "$2N2337", "", "C", 62.99, 62.99, 39.37, 0],
		[731, "U13_31", 3310, -1300, "T", "DIP", "$2N2341", "", "C", 62.99, 62.99, 39.37, 0],
		[732, "U13_31", 3310, -1300, "B", "DIP", "$2N2341", "", "C", 62.99, 62.99, 39.37, 0],
		[733, "U13_32", 3310, -1200, "T", "DIP", "$2N2326", "", "C", 62.99, 62.99, 39.37, 0],
		[734, "U13_32", 3310, -1200, "B", "DIP", "$2N2326", "", "C", 62.99, 62.99, 39.37, 0],
		[735, "U13_33", 3310, -1100, "T", "DIP", "$2N2321", "", "C", 62.99, 62.99, 39.37, 0],
		[736, "U13_33", 3310, -1100, "B", "DIP", "$2N2321", "", "C", 62.99, 62.99, 39.37, 0],
		[737, "U13_34", 3310, -1000, "T", "DIP", "$2N2316", "", "C", 62.99, 62.99, 39.37, 0],
		[738, "U13_34", 3310, -1000, "B", "DIP", "$2N2316", "", "C", 62.99, 62.99, 39.37, 0],
		[739, "U13_35", 3310, -900, "T", "DIP", "$2N2311", "", "C", 62.99, 62.99, 39.37, 0],
		[740, "U13_35", 3310, -900, "B", "DIP", "$2N2311", "", "C", 62.99, 62.99, 39.37, 0],
		[741, "U13_36", 3310, -800, "T", "DIP", "$2N2306", "", "C", 62.99, 62.99, 39.37, 0],
		[742, "U13_36", 3310, -800, "B", "DIP", "$2N2306", "", "C", 62.99, 62.99, 39.37, 0],
		[743, "U13_37", 3310, -700, "T", "DIP", "$2N2301", "", "C", 62.99, 62.99, 39.37, 0],
		[744, "U13_37", 3310, -700, "B", "DIP", "$2N2301", "", "C", 62.99, 62.99, 39.37, 0],
		[745, "U13_38", 3310, -600, "T", "DIP", "$2N2296", "", "C", 62.99, 62.99, 39.37, 0],
		[746, "U13_38", 3310, -600, "B", "DIP", "$2N2296", "", "C", 62.99, 62.99, 39.37, 0],
		[747, "U13_39", 3310, -500, "T", "DIP", "$2N2143", "", "C", 62.99, 62.99, 39.37, 0],
		[748, "U13_39", 3310, -500, "B", "DIP", "$2N2143", "", "C", 62.99, 62.99, 39.37, 0],
		[749, "U13_40", 3310, -400, "T", "DIP", "+5V", "", "C", 62.99, 62.99, 39.37, 0],
		[750, "U13_40", 3310, -400, "B", "DIP", "+5V", "", "C", 62.99, 62.99, 39.37, 0],
		[751, "U13_41", 3310, -300, "T", "DIP", "GND", "GND", "C", 62.99, 62.99, 39.37, 0],
		[752, "U13_41", 3310, -300, "B", "DIP", "GND", "GND", "C", 62.99, 62.99, 39.37, 0],
		[753, "U13_42", 3310, -200, "T", "DIP", "VCC", "", "C", 62.99, 62.99, 39.37, 0],
		[754, "U13_42", 3310, -200, "B", "DIP", "VCC", "", "C", 62.99, 62.99, 39.37, 0],
		[755, "U13_49", 4510, -700, "T", "DIP", "$2N2352", "", "C", 62.99, 62.99, 39.37, 0],
		[756, "U13_49", 4510, -700, "B", "DIP", "$2N2352", "", "C", 62.99, 62.99, 39.37, 0],
		[757, "U13_50", 4510, -800, "T", "DIP", "$2N2354", "", "C", 62.99, 62.99, 39.37, 0],
		[758, "U13_50", 4510, -800, "B", "DIP", "$2N2354", "", "C", 62.99, 62.99, 39.37, 0],
		[759, "U13_51", 4510, -900, "T", "DIP", "$2N2356", "", "C", 62.99, 62.99, 39.37, 0],
		[760, "U13_51", 4510, -900, "B", "DIP", "$2N2356", "", "C", 62.99, 62.99, 39.37, 0],
		[761, "U13_52", 4510, -1000, "T", "DIP", "$2N2358", "", "C", 62.99, 62.99, 39.37, 0],
		[762, "U13_52", 4510, -1000, "B", "DIP", "$2N2358", "", "C", 62.99, 62.99, 39.37, 0],
		[763, "U13_53", 4510, -1100, "T", "DIP", "$2N2360", "", "C", 62.99, 62.99, 39.37, 0],
		[764, "U13_53", 4510, -1100, "B", "DIP", "$2N2360", "", "C", 62.99, 62.99, 39.37, 0],
		[765, "U13_54", 4510, -1200, "T", "DIP", "$2N2362", "", "C", 62.99, 62.99, 39.37, 0],
		[766, "U13_54", 4510, -1200, "B", "DIP", "$2N2362", "", "C", 62.99, 62.99, 39.37, 0],
		[767, "U13_55", 4510, -1300, "T", "DIP", "$2N2364", "", "C", 62.99, 62.99, 39.37, 0],
		[768, "U13_55", 4510, -1300, "B", "DIP", "$2N2364", "", "C", 62.99, 62.99, 39.37, 0],
		[769, "U13_56", 4510, -1400, "T", "DIP", "$2N2366", "", "C", 62.99, 62.99, 39.37, 0],
		[770, "U13_56", 4510, -1400, "B", "DIP", "$2N2366", "", "C", 62.99, 62.99, 39.37, 0],
		[771, "U13_57", 4510, -1500, "T", "DIP", "$2N2368", "", "C", 62.99, 62.99, 39.37, 0],
		[772, "U13_57", 4510, -1500, "B", "DIP", "$2N2368", "", "C", 62.99, 62.99, 39.37, 0],
		[773, "U13_58", 4510, -1600, "T", "DIP", "S2", "", "C", 62.99, 62.99, 39.37, 0],
		[774, "U13_58", 4510, -1600, "B", "DIP", "S2", "", "C", 62.99, 62.99, 39.37, 0],
		[775, "U13_59", 4510, -1700, "T", "DIP", "D3_A", "", "C", 62.99, 62.99, 39.37, 0],
		[776, "U13_59", 4510, -1700, "B", "DIP", "D3_A", "", "C", 62.99, 62.99, 39.37, 0],
		[777, "U13_60", 4510, -1800, "T", "DIP", "D3_B", "", "C", 62.99, 62.99, 39.37, 0],
		[778, "U13_60", 4510, -1800, "B", "DIP", "D3_B", "", "C", 62.99, 62.99, 39.37, 0],
		[779, "U13_61", 4510, -1900, "T", "DIP", "D3_S", "", "C", 62.99, 62.99, 39.37, 0],
		[780, "U13_61", 4510, -1900, "B", "DIP", "D3_S", "", "C", 62.99, 62.99, 39.37, 0],
		[781, "U13_62", 4510, -2000, "T", "DIP", "D4_A", "", "C", 62.99, 62.99, 39.37, 0],
		[782, "U13_62", 4510, -2000, "B", "DIP", "D4_A", "", "C", 62.99, 62.99, 39.37, 0],
		[783, "U13_63", 4510, -2100, "T", "DIP", "D4_B", "", "C", 62.99, 62.99, 39.37, 0],
		[784, "U13_63", 4510, -2100, "B", "DIP", "D4_B", "", "C", 62.99, 62.99, 39.37, 0],
		[785, "U13_64", 4510, -2200, "T", "DIP", "D4_S", "", "C", 62.99, 62.99, 39.37, 0],
		[786, "U13_64", 4510, -2200, "B", "DIP", "D4_S", "", "C", 62.99, 62.99, 39.37, 0],
		[787, "U13_65", 4610, -2200, "T", "DIP", "D2_S", "", "C", 62.99, 62.99, 39.37, 0],
		[788, "U13_65", 4610, -2200, "B", "DIP", "D2_S", "", "C", 62.99, 62.99, 39.37, 0],
		[789, "U13_66", 4610, -2100, "T", "DIP", "D2_B", "", "C", 62.99, 62.99, 39.37, 0],
		[790, "U13_66", 4610, -2100, "B", "DIP", "D2_B", "", "C", 62.99, 62.99, 39.37, 0],
		[791, "U13_67", 4610, -2000, "T", "DIP", "D2_A", "", "C", 62.99, 62.99, 39.37, 0],
		[792, "U13_67", 4610, -2000, "B", "DIP", "D2_A", "", "C", 62.99, 62.99, 39.37, 0],
		[793, "U13_68", 4610, -1900, "T", "DIP", "D1_S", "", "C", 62.99, 62.99, 39.37, 0],
		[794, "U13_68", 4610, -1900, "B", "DIP", "D1_S", "", "C", 62.99, 62.99, 39.37, 0],
		[795, "U13_69", 4610, -1800, "T", "DIP", "D1_B", "", "C", 62.99, 62.99, 39.37, 0],
		[796, "U13_69", 4610, -1800, "B", "DIP", "D1_B", "", "C", 62.99, 62.99, 39.37, 0],
		[797, "U13_70", 4610, -1700, "T", "DIP", "D1_A", "", "C", 62.99, 62.99, 39.37, 0],
		[798, "U13_70", 4610, -1700, "B", "DIP", "D1_A", "", "C", 62.99, 62.99, 39.37, 0],
		[799, "U13_71", 4610, -1600, "T", "DIP", "S1", "", "C", 62.99, 62.99, 39.37, 0],
		[800, "U13_71", 4610, -1600, "B", "DIP", "S1", "", "C", 62.99, 62.99, 39.37, 0],
		[801, "U13_72", 4610, -1500, "T", "DIP", "$2N2398", "", "C", 62.99, 62.99, 39.37, 0],
		[802, "U13_72", 4610, -1500, "B", "DIP", "$2N2398", "", "C", 62.99, 62.99, 39.37, 0],
		[803, "U13_73", 4610, -1400, "T", "DIP", "$2N2400", "", "C", 62.99, 62.99, 39.37, 0],
		[804, "U13_73", 4610, -1400, "B", "DIP", "$2N2400", "", "C", 62.99, 62.99, 39.37, 0],
		[805, "U13_74", 4610, -1300, "T", "DIP", "$2N2402", "", "C", 62.99, 62.99, 39.37, 0],
		[806, "U13_74", 4610, -1300, "B", "DIP", "$2N2402", "", "C", 62.99, 62.99, 39.37, 0],
		[807, "U13_75", 4610, -1200, "T", "DIP", "$2N2404", "", "C", 62.99, 62.99, 39.37, 0],
		[808, "U13_75", 4610, -1200, "B", "DIP", "$2N2404", "", "C", 62.99, 62.99, 39.37, 0],
		[809, "U13_76", 4610, -1100, "T", "DIP", "$2N2406", "", "C", 62.99, 62.99, 39.37, 0],
		[810, "U13_76", 4610, -1100, "B", "DIP", "$2N2406", "", "C", 62.99, 62.99, 39.37, 0],
		[811, "U13_77", 4610, -1000, "T", "DIP", "$2N2408", "", "C", 62.99, 62.99, 39.37, 0],
		[812, "U13_77", 4610, -1000, "B", "DIP", "$2N2408", "", "C", 62.99, 62.99, 39.37, 0],
		[813, "U13_78", 4610, -900, "T", "DIP", "$2N2410", "", "C", 62.99, 62.99, 39.37, 0],
		[814, "U13_78", 4610, -900, "B", "DIP", "$2N2410", "", "C", 62.99, 62.99, 39.37, 0],
		[815, "U13_79", 4610, -800, "T", "DIP", "$2N2412", "", "C", 62.99, 62.99, 39.37, 0],
		[816, "U13_79", 4610, -800, "B", "DIP", "$2N2412", "", "C", 62.99, 62.99, 39.37, 0],
		[817, "U13_80", 4610, -700, "T", "DIP", "$2N2414", "", "C", 62.99, 62.99, 39.37, 0],
		[818, "U13_80", 4610, -700, "B", "DIP", "$2N2414", "", "C", 62.99, 62.99, 39.37, 0],
		[819, "U14_1", 5150, -1310, "T", "DIP", "GND", "GND", "R", 78.74, 62.99, 51.18, 270],
		[820, "U14_1", 5150, -1310, "B", "DIP", "GND", "GND", "R", 78.74, 62.99, 51.18, 270],
		[821, "U14_2", 5350, -1360, "T", "DIP", "$2N5612", "", "C", 78.74, 78.74, 51.18, 270],
		[822, "U14_2", 5350, -1360, "B", "DIP", "$2N5612", "", "C", 78.74, 78.74, 51.18, 270],
		[823, "U14_3", 5150, -1410, "T", "DIP", "$2N5623", "", "C", 78.74, 78.74, 51.18, 270],
		[824, "U14_3", 5150, -1410, "B", "DIP", "$2N5623", "", "C", 78.74, 78.74, 51.18, 270],
		[825, "U14_4", 5350, -1460, "T", "DIP", "VCC", "", "C", 78.74, 78.74, 51.18, 270],
		[826, "U14_4", 5350, -1460, "B", "DIP", "VCC", "", "C", 78.74, 78.74, 51.18, 270],
		[827, "U14_5", 5150, -1510, "T", "DIP", "D3_A", "", "C", 78.74, 78.74, 51.18, 270],
		[828, "U14_5", 5150, -1510, "B", "DIP", "D3_A", "", "C", 78.74, 78.74, 51.18, 270],
		[829, "U14_6", 5350, -1560, "T", "DIP", "D3_S", "", "C", 78.74, 78.74, 51.18, 270],
		[830, "U14_6", 5350, -1560, "B", "DIP", "D3_S", "", "C", 78.74, 78.74, 51.18, 270],
		[831, "U14_7", 5150, -1610, "T", "DIP", "D3_B", "", "C", 78.74, 78.74, 51.18, 270],
		[832, "U14_7", 5150, -1610, "B", "DIP", "D3_B", "", "C", 78.74, 78.74, 51.18, 270],
		[833, "U14_8", 5350, -1660, "T", "DIP", "GND", "GND", "C", 78.74, 78.74, 51.18, 270],
		[834, "U14_8", 5350, -1660, "B", "DIP", "GND", "GND", "C", 78.74, 78.74, 51.18, 270],
		[835, "U14_9", 5150, -1710, "T", "DIP", "+5V", "", "C", 78.74, 78.74, 51.18, 270],
		[836, "U14_9", 5150, -1710, "B", "DIP", "+5V", "", "C", 78.74, 78.74, 51.18, 270],
		[837, "U14_10", 5350, -1760, "T", "DIP", "D4_A", "", "C", 78.74, 78.74, 51.18, 270],
		[838, "U14_10", 5350, -1760, "B", "DIP", "D4_A", "", "C", 78.74, 78.74, 51.18, 270],
		[839, "U14_11", 5150, -1810, "T", "DIP", "D4_S", "", "C", 78.74, 78.74, 51.18, 270],
		[840, "U14_11", 5150, -1810, "B", "DIP", "D4_S", "", "C", 78.74, 78.74, 51.18, 270],
		[841, "U14_12", 5350, -1860, "T", "DIP", "D4_B", "", "C", 78.74, 78.74, 51.18, 270],
		[842, "U14_12", 5350, -1860, "B", "DIP", "D4_B", "", "C", 78.74, 78.74, 51.18, 270],
		[843, "U14_13", 5150, -1910, "T", "DIP", "$2N5632", "", "C", 78.74, 78.74, 51.18, 270],
		[844, "U14_13", 5150, -1910, "B", "DIP", "$2N5632", "", "C", 78.74, 78.74, 51.18, 270],
		[845, "U14_14", 5350, -1960, "T", "DIP", "$2N5638", "", "C", 78.74, 78.74, 51.18, 270],
		[846, "U14_14", 5350, -1960, "B", "DIP", "$2N5638", "", "C", 78.74, 78.74, 51.18, 270],
		[847, "U14_15", 5150, -2010, "T", "DIP", "U14_15", "", "C", 78.74, 78.74, 51.18, 270],
		[848, "U14_15", 5150, -2010, "B", "DIP", "U14_15", "", "C", 78.74, 78.74, 51.18, 270],
		[849, "U15_1", 5125, -195, "T", "DIP", "GND", "GND", "R", 78.74, 62.99, 51.18, 270],
		[850, "U15_1", 5125, -195, "B", "DIP", "GND", "GND", "R", 78.74, 62.99, 51.18, 270],
		[851, "U15_2", 5325, -245, "T", "DIP", "$2N6617", "", "C", 78.74, 78.74, 51.18, 270],
		[852, "U15_2", 5325, -245, "B", "DIP", "$2N6617", "", "C", 78.74, 78.74, 51.18, 270],
		[853, "U15_3", 5125, -295, "T", "DIP", "$2N6599", "", "C", 78.74, 78.74, 51.18, 270],
		[854, "U15_3", 5125, -295, "B", "DIP", "$2N6599", "", "C", 78.74, 78.74, 51.18, 270],
		[855, "U15_4", 5325, -345, "T", "DIP", "VCC", "", "C", 78.74, 78.74, 51.18, 270],
		[856, "U15_4", 5325, -345, "B", "DIP", "VCC", "", "C", 78.74, 78.74, 51.18, 270],
		[857, "U15_5", 5125, -395, "T", "DIP", "D1_A", "", "C", 78.74, 78.74, 51.18, 270],
		[858, "U15_5", 5125, -395, "B", "DIP", "D1_A", "", "C", 78.74, 78.74, 51.18, 270],
		[859, "U15_6", 5325, -445, "T", "DIP", "D1_S", "", "C", 78.74, 78.74, 51.18, 270],
		[860, "U15_6", 5325, -445, "B", "DIP", "D1_S", "", "C", 78.74, 78.74, 51.18, 270],
		[861, "U15_7", 5125, -495, "T", "DIP", "D1_B", "", "C", 78.74, 78.74, 51.18, 270],
		[862, "U15_7", 5125, -495, "B", "DIP", "D1_B", "", "C", 78.74, 78.74, 51.18, 270],
		[863, "U15_8", 5325, -545, "T", "DIP", "GND", "GND", "C", 78.74, 78.74, 51.18, 270],
		[864, "U15_8", 5325, -545, "B", "DIP", "GND", "GND", "C", 78.74, 78.74, 51.18, 270],
		[865, "U15_9", 5125, -595, "T", "DIP", "+5V", "", "C", 78.74, 78.74, 51.18, 270],
		[866, "U15_9", 5125, -595, "B", "DIP", "+5V", "", "C", 78.74, 78.74, 51.18, 270],
		[867, "U15_10", 5325, -645, "T", "DIP", "D2_A", "", "C", 78.74, 78.74, 51.18, 270],
		[868, "U15_10", 5325, -645, "B", "DIP", "D2_A", "", "C", 78.74, 78.74, 51.18, 270],
		[869, "U15_11", 5125, -695, "T", "DIP", "D2_S", "", "C", 78.74, 78.74, 51.18, 270],
		[870, "U15_11", 5125, -695, "B", "DIP", "D2_S", "", "C", 78.74, 78.74, 51.18, 270],
		[871, "U15_12", 5325, -745, "T", "DIP", "D2_B", "", "C", 78.74, 78.74, 51.18, 270],
		[872, "U15_12", 5325, -745, "B", "DIP", "D2_B", "", "C", 78.74, 78.74, 51.18, 270],
		[873, "U15_13", 5125, -795, "T", "DIP", "$2N6627", "", "C", 78.74, 78.74, 51.18, 270],
		[874, "U15_13", 5125, -795, "B", "DIP", "$2N6627", "", "C", 78.74, 78.74, 51.18, 270],
		[875, "U15_14", 5325, -845, "T", "DIP", "$2N6609", "", "C", 78.74, 78.74, 51.18, 270],
		[876, "U15_14", 5325, -845, "B", "DIP", "$2N6609", "", "C", 78.74, 78.74, 51.18, 270],
		[877, "U15_15", 5125, -895, "T", "DIP", "U15_15", "", "C", 78.74, 78.74, 51.18, 270],
		[878, "U15_15", 5125, -895, "B", "DIP", "U15_15", "", "C", 78.74, 78.74, 51.18, 270],
		[879, "U16_1", 595.79, -1061.57, "T", "DIP", "+5V", "", "C", 60, 60, 36, 270],
		[880, "U16_1", 595.79, -1061.57, "B", "DIP", "+5V", "", "C", 60, 60, 36, 270],
		[881, "U16_2", 595.79, -1160, "T", "DIP", "$1N1909", "", "C", 60, 60, 36, 270],
		[882, "U16_2", 595.79, -1160, "B", "DIP", "$1N1909", "", "C", 60, 60, 36, 270],
		[883, "U16_3", 595.79, -1258.42, "T", "DIP", "+3.3V", "", "C", 60, 60, 36, 270],
		[884, "U16_3", 595.79, -1258.42, "B", "DIP", "+3.3V", "", "C", 60, 60, 36, 270],
		[885, "U16_4", 694.21, -1061.57, "T", "DIP", "+5V", "", "C", 60, 60, 36, 270],
		[886, "U16_4", 694.21, -1061.57, "B", "DIP", "+5V", "", "C", 60, 60, 36, 270],
		[887, "U16_5", 694.21, -1160, "T", "DIP", "$1N1909", "", "C", 60, 60, 36, 270],
		[888, "U16_5", 694.21, -1160, "B", "DIP", "$1N1909", "", "C", 60, 60, 36, 270],
		[889, "U16_6", 694.21, -1258.42, "T", "DIP", "+3.3V", "", "C", 60, 60, 36, 270],
		[890, "U16_6", 694.21, -1258.42, "B", "DIP", "+3.3V", "", "C", 60, 60, 36, 270],
		[891, "U16_7", 645, -1321.42, "T", "DIP", "GND", "GND", "O", 47.24, 78.74, 55.12, 270],
		[892, "U16_7", 645, -1321.42, "B", "DIP", "GND", "GND", "O", 47.24, 78.74, 55.12, 270],
		[893, "U16_8", 645, -998.58, "T", "DIP", "GND", "GND", "O", 47.24, 78.74, 55.12, 270],
		[894, "U16_8", 645, -998.58, "B", "DIP", "GND", "GND", "O", 47.24, 78.74, 55.12, 270],
		[895, "U17_1", 899.21, -1663.43, "T", "DIP", "+5V", "", "C", 60, 60, 36, 90],
		[896, "U17_1", 899.21, -1663.43, "B", "DIP", "+5V", "", "C", 60, 60, 36, 90],
		[897, "U17_2", 899.21, -1565, "T", "DIP", "$1N7236", "", "C", 60, 60, 36, 90],
		[898, "U17_2", 899.21, -1565, "B", "DIP", "$1N7236", "", "C", 60, 60, 36, 90],
		[899, "U17_3", 899.21, -1466.58, "T", "DIP", "+3.3V", "", "C", 60, 60, 36, 90],
		[900, "U17_3", 899.21, -1466.58, "B", "DIP", "+3.3V", "", "C", 60, 60, 36, 90],
		[901, "U17_4", 800.79, -1663.43, "T", "DIP", "+5V", "", "C", 60, 60, 36, 90],
		[902, "U17_4", 800.79, -1663.43, "B", "DIP", "+5V", "", "C", 60, 60, 36, 90],
		[903, "U17_5", 800.79, -1565, "T", "DIP", "$1N7236", "", "C", 60, 60, 36, 90],
		[904, "U17_5", 800.79, -1565, "B", "DIP", "$1N7236", "", "C", 60, 60, 36, 90],
		[905, "U17_6", 800.79, -1466.58, "T", "DIP", "+3.3V", "", "C", 60, 60, 36, 90],
		[906, "U17_6", 800.79, -1466.58, "B", "DIP", "+3.3V", "", "C", 60, 60, 36, 90],
		[907, "U17_7", 850, -1403.58, "T", "DIP", "GND", "GND", "O", 47.24, 78.74, 55.12, 90],
		[908, "U17_7", 850, -1403.58, "B", "DIP", "GND", "GND", "O", 47.24, 78.74, 55.12, 90],
		[909, "U17_8", 850, -1726.42, "T", "DIP", "GND", "GND", "O", 47.24, 78.74, 55.12, 90],
		[910, "U17_8", 850, -1726.42, "B", "DIP", "GND", "GND", "O", 47.24, 78.74, 55.12, 90],
		[911, "PAD1_1", 2695, -2280, "T", "DIP", "GND", "GND", "C", 60, 60, 36, 0],
		[912, "PAD1_1", 2695, -2280, "B", "DIP", "GND", "GND", "C", 60, 60, 36, 0],
		[913, "PAD2_2", 2545.41, -1995, "T", "DIP", "GND", "GND", "C", 60, 60, 36, 0],
		[914, "PAD2_2", 2545.41, -1995, "B", "DIP", "GND", "GND", "C", 60, 60, 36, 0],
		[915, "PAD3_3", 2235.41, -1995.41, "T", "DIP", "GND", "GND", "C", 60, 60, 36, 0],
		[916, "PAD3_3", 2235.41, -1995.41, "B", "DIP", "GND", "GND", "C", 60, 60, 36, 0],
		[917, "PAD4_4", 1910.41, -2000, "T", "DIP", "GND", "GND", "C", 60, 60, 36, 0],
		[918, "PAD4_4", 1910.41, -2000, "B", "DIP", "GND", "GND", "C", 60, 60, 36, 0],
		[919, "PAD5_5", 1785, -2180, "T", "DIP", "GND", "GND", "C", 60, 60, 36, 0],
		[920, "PAD5_5", 1785, -2180, "B", "DIP", "GND", "GND", "C", 60, 60, 36, 0],
		[921, "PAD6_1", 3150, -2415, "T", "DIP", "GND", "GND", "C", 60, 60, 36, 0],
		[922, "PAD6_1", 3150, -2415, "B", "DIP", "GND", "GND", "C", 60, 60, 36, 0],
		[923, "PAD7_3", 4470, -2380, "T", "DIP", "GND", "GND", "C", 60, 60, 36, 0],
		[924, "PAD7_3", 4470, -2380, "B", "DIP", "GND", "GND", "C", 60, 60, 36, 0],
		[925, "PAD8_4", 4540, -2745, "T", "DIP", "GND", "GND", "C", 60, 60, 36, 0],
		[926, "PAD8_4", 4540, -2745, "B", "DIP", "GND", "GND", "C", 60, 60, 36, 0],
		[927, "PAD9_5", 2965, -2747.24, "T", "DIP", "GND", "GND", "C", 60, 60, 36, 0],
		[928, "PAD9_5", 2965, -2747.24, "B", "DIP", "GND", "GND", "C", 60, 60, 36, 0],
		[929, "PAD10_6", 3320, -3305, "T", "DIP", "GND", "GND", "C", 60, 60, 36, 0],
		[930, "PAD10_6", 3320, -3305, "B", "DIP", "GND", "GND", "C", 60, 60, 36, 0]
	]
}
}